_articleId,tags,geolocation,actorsMentioned,publicationDate,source
1,1,1,1,4/1/2021,"{
    ""name"": ""TeleDiario"",
    ""headline"": ""A meses de que cierre, a\u00fan no hay basurero que supla a Los Laureles"",
    ""url"": ""https://gdl.telediario.mx/local/meses-de-que-cierre-aun-no-hay-basurero-que-supla-los-laureles"",
    ""paywall "": true,
    ""coverageLevel"": ""Local/Nacional"",
    ""author"": ""Mar\u00eda Ram\u00edrez Blanco""
}"
2,1,1,1,5/7/2021,"{
    ""name"": ""L\u00edder informativo"",
    ""headline"": ""Avanza el plan de cierre definitivo del basurero \u00abLos Laureles\u00bb, asegura SEMADET"",
    ""url"": ""https://lider919.com/avanza-el-plan-de-cierre-definitivo-del-basurero-los-laureles-asegura-semadet"",
    ""paywall "": true,
    ""coverageLevel"": ""Estatal"",
    ""author"": ""Jos\u00e9 Toral""
}"
3,1,1,1,5/8/2021,"{
    ""name"": ""L\u00edder informativo"",
    ""headline"": ""Cumple CAABSA con apenas 33% de avance en actividades para cierre del basurero Los Laureles; en septiembre se cumple el plazo"",
    ""url"": ""https://lider919.com/cumple-caabsa-con-apenas-con-33-de-avance-en-actividades-para-cierre-del-basurero-los-laureles-en-septiembre-se-cumple-el-plazo"",
    ""paywall "": true,
    ""coverageLevel"": ""Estatal"",
    ""author"": ""Jos\u00e9 Toral""
}"
4,1,1,1,6/8/2021,"{
    ""name"": ""Mural"",
    ""headline"": ""Avientan lixiviados al aire libre en Laureles"",
    ""url"": ""https://www.mural.com.mx/aplicacioneslibre/preacceso/articulo/default.aspx?__rval=1&urlredirect=https://www.mural.com.mx/avientan-lixiviados-al-aire-libre-en-laureles/ar2235048?referer=--7d616165662f3a3a6262623b727a7a7279703b767a783a--"",
    ""paywall "": true,
    ""coverageLevel"": ""Estatal"",
    ""author"": ""Violeta Mel\u00e9ndez""
}"
5,1,1,1,6/8/2021,"{
    ""name"": ""El Norte"",
    ""headline"": ""Avientan lixiviados al aire libre en Laureles"",
    ""url"": ""https://www.mural.com.mx/aplicacioneslibre/preacceso/articulo/default.aspx?__rval=1&urlredirect=https://www.mural.com.mx/avientan-lixiviados-al-aire-libre-en-laureles/ar2235048?referer=--7d616165662f3a3a6262623b727a7a7279703b767a783a--"",
    ""paywall "": true,
    ""coverageLevel"": ""Monterrey/Nacional"",
    ""author"": ""Violeta Mel\u00e9ndez""
}"
6,1,1,1,6/8/2021,"{
    ""name"": ""Mural"",
    ""headline"": ""Incumple Caabsa con obligaciones para un abandono seguro "",
    ""url"": ""https://twitter.com/jcrtoral/status/1423624897121640453/photo/1"",
    ""paywall "": true,
    ""coverageLevel"": ""Estatal"",
    ""author"": ""Violeta Mel\u00e9ndez""
}"
7,1,1,1,6/8/2021,"{
    ""name"": ""Mural "",
    ""headline"": ""Actuar\u00e1n contra Caabsa si incumple en tiradero"",
    ""url"": ""https://www.mural.com.mx/actuaran-contra-caabsa-si-incumple-en-tiradero/gr/ar2235377?md5=3664c9b3d3a0d70f6018ae72aa5542b7&ta=0dfdbac11765226904c16cb9ad1b2efe&utm_source=whatsapp&utm_medium=social&utm_campaign=promocion_suscriptor"",
    ""paywall "": true,
    ""coverageLevel"": ""Estatal"",
    ""author"": ""Mart\u00edn Aquino""
}"
8,1,1,1,6/8/2021,"{
    ""name"": ""Mega Noticias"",
    ""headline"": ""Reportan retrasos en proceso de cierre del basurero Los Laureles"",
    ""url"": ""https://www.meganoticias.mx/guadalajara/noticia/reportan-retrasos-en-proceso-de-cierre-del-basurero-los-laureles/262933?fbclid=IwAR37j-UWAlQ_hLOurD_NYkO-AhJOPCs0Nk2DQWZ5TRJLGRAjzC0JNTrDt2o"",
    ""paywall "": true,
    ""coverageLevel"": ""Nacional"",
    ""author"": ""Jos\u00e9 Toral""
}"
9,1,1,1,8/8/2021,"{
    ""name"": ""Canal 44/Radio UdeG"",
    ""headline"": ""En el ocaso de su vida \u00fatil, el vertedero Los Laureles llena de jugos de basura al R\u00edo Santiago"",
    ""url"": ""https://udgtv.com/noticias/ocaso-vida-util-vertedero-los-laureles-llena-jugos-basura-al-rio-santiago/"",
    ""paywall "": true,
    ""coverageLevel"": ""Estatal"",
    ""author"": ""Elena Castolo S\u00e1nchez""
}"
10,1,1,1,9/8/2021,"{
    ""name"": ""Canal 44/Radio UdeG"",
    ""headline"": ""Video Reportaje"",
    ""url"": ""https://twitter.com/CANAL44TV/status/1424712062626762760 "",
    ""paywall "": true,
    ""coverageLevel"": ""Estatal"",
    ""author"": ""Jade Ram\u00edrez""
}"
11,1,1,1,9/8/2021,"{
    ""name"": ""L\u00edder informativo"",
    ""headline"": ""Denuncian un Salto de Vida incumplimiento sobre basureros Laureles; llaman a pobladores a presionar para el cierre"",
    ""url"": ""https://lider919.com/denuncian-un-salto-de-vida-incumplimiento-sobre-basureros-laureles-llaman-a-pobladores-a-presionar-para-el-cierre"",
    ""paywall "": true,
    ""coverageLevel"": ""Estatal"",
    ""author"": ""Jos\u00e9 Toral""
}"
12,1,1,1,9/8/2021,"{
    ""name"": ""L\u00edder informativo"",
    ""headline"": ""Cierre del basurero Los Laureles tardar\u00e1 2 a\u00f1os m\u00e1s, advierte gobernador; Semadet fij\u00f3 el plazo para septiembre de 2021"",
    ""url"": ""https://lider919.com/cierre-del-basurero-los-laureles-tardara-2-anos-mas-advierte-gobernador-semadet-fijo-el-plazo-para-septiembre-de-2021"",
    ""paywall "": true,
    ""coverageLevel"": ""Estatal"",
    ""author"": ""Jos\u00e9 Toral""
}"
13,1,1,1,9/8/2021,"{
    ""name"": ""Cascada Noticias"",
    ""headline"": ""Basurera Los Laureles no cerrar\u00e1 en septiembre del 2021"",
    ""url"": ""https://www.cascadanoticias.com/noticias/ecologia/ecologia/basurera-los-laureles-no-cerrara-en-septiembre-del-2021"",
    ""paywall "": true,
    ""coverageLevel"": ""Local"",
    ""author"": ""Redacci\u00f3n""
}"
14,1,1,1,9/8/2021,"{
    ""name"": ""Mega noticias"",
    ""headline"": ""Vecinos del Salto anuncian protestas para exigir cierre de basurero"",
    ""url"": ""https://www.meganoticias.mx/guadalajara/noticia/vecinos-de-el-salto-anuncian-protestas-de-no-cerrar-basurero/263426"",
    ""paywall "": true,
    ""coverageLevel"": ""Nacional/Local"",
    ""author"": ""Jos\u00e9 Toral""
}"
15,1,1,1,9/8/2021,"{
    ""name"": ""Trafico ZMG"",
    ""headline"": ""En septiembre cierran relleno sanitario Los Laureles"",
    ""url"": ""https://traficozmg.com/2021/08/en-septiembre-cierran-relleno-sanitario-los-laureles/"",
    ""paywall "": true,
    ""coverageLevel"": ""Local"",
    ""author"": ""Redacci\u00f3n""
}"
16,1,1,1,9/8/2021,"{
    ""name"": ""Zona3"",
    ""headline"": ""En septiembre inicia el cierre de basurero Los Laureles"",
    ""url"": ""https://zona3.mx/home/en-septiembre-inicia-cierre-de-basurero-los-laureles/"",
    ""paywall "": true,
    ""coverageLevel"": ""Local"",
    ""author"": ""Redacci\u00f3n""
}"
17,1,1,1,9/8/2021,"{
    ""name"": ""L\u00edder informativo"",
    ""headline"": ""Reconoce alcalde de Tonal\u00e1 que cierre del basurero Laureles ser\u00e1 m\u00e1s tardado; podr\u00eda convertirse en planta de transferencia"",
    ""url"": ""https://lider919.com/reconoce-alcalde-de-tonala-que-cierre-del-basurero-laureles-sera-mas-tardado-podria-convertirse-en-planta-de-transferencia"",
    ""paywall "": true,
    ""coverageLevel"": ""Estatal"",
    ""author"": ""Jos\u00e9 Toral""
}"
18,1,1,1,10/8/2021,"{
    ""name"": ""Quadratin Jalisco"",
    ""headline"": ""Estado y municipios, sin resolver el problema del basurero Los Laureles\n\n"",
    ""url"": ""https://jalisco.quadratin.com.mx/sucesos/estado-y-municipios-sin-resolver-el-problema-del-basurero-los-laureles/"",
    ""paywall "": true,
    ""coverageLevel"": ""Estatal"",
    ""author"": ""Javier Fr\u00edas\n\n""
}"
19,1,1,1,10/8/2021,"{
    ""name"": ""Canal 44/Radio UdeG"",
    ""headline"": ""Entrevista Enrique Enciso"",
    ""url"": "" https://bit.ly/3iy7zxw"",
    ""paywall "": true,
    ""coverageLevel"": ""Estatal"",
    ""author"": ""Cosa P\u00fablica/Rub\u00e9n Mar\u00edn y Jes\u00fas Estrada""
}"
20,1,1,1,10/8/2021,"{
    ""name"": ""El Diario NTR"",
    ""headline"": ""Cuestionan respaldo de Alfaro a Caabsa"",
    ""url"": ""https://www.ntrguadalajara.com/post.php?id_nota=170191&fb_comment_id=4386548174736200_4390065657717785"",
    ""paywall "": true,
    ""coverageLevel"": ""Estatal"",
    ""author"": ""Juan Levario""
}"
21,1,1,1,11/8/2021,"{
    ""name"": ""El Universal"",
    ""headline"": ""Denuncian incumplimiento en cierre de basurero en Jalisco"",
    ""url"": ""https://www.eluniversal.com.mx/estados/denuncian-incumplimiento-en-cierre-de-basurero-en-jalisco"",
    ""paywall "": true,
    ""coverageLevel"": ""Nacional"",
    ""author"": ""Ra\u00fal Torres""
}"
22,1,1,1,11/8/2021,"{
    ""name"": ""Astillero"",
    ""headline"": ""Entrevista Alan Carmona"",
    ""url"": ""https://www.youtube.com/watch?v=vQaURHMykqg"",
    ""paywall "": true,
    ""coverageLevel"": ""Nacional"",
    ""author"": ""Julio Astillero""
}"
23,1,1,1,11/8/2021,"{
    ""name"": ""Mural"",
    ""headline"": ""Construyen a contrarreloj vertedero en Tala"",
    ""url"": ""https://www.mural.com.mx/construyen-a-contrarreloj-vertedero-en-tala/gr/ar2238107?md5=a6ceee74719dd6dfd6de188cb0b4011d&ta=0dfdbac11765226904c16cb9ad1b2efe&utm_source=elemento_web&utm_medium=email&utm_campaign=promocion_suscriptor"",
    ""paywall "": true,
    ""coverageLevel"": ""Estatal"",
    ""author"": ""Violeta Mel\u00e9ndez""
}"
24,1,1,1,11/8/2021,"{
    ""name"": ""Meganoticias"",
    ""headline"": ""Investiga CEDHJ construcci\u00f3n de nuevo basurero metropolitano en Tala"",
    ""url"": ""https://www.meganoticias.mx/guadalajara/noticia/investiga-cedhj-construccion-de-nuevo-basurero-metropolitano-en-tala/264293"",
    ""paywall "": true,
    ""coverageLevel"": ""Nacional/Local"",
    ""author"": ""Jos\u00e9 Toral""
}"
25,1,1,1,12/8/2021,"{
    ""name"": ""Mural"",
    ""headline"": ""Hacen basurero en Tala sin tener permiso"",
    ""url"": ""https://www.mural.com.mx/aplicacioneslibre/preacceso/articulo/default.aspx?__rval=1&urlredirect=https://www.mural.com.mx/hacen-basurero-en-tala-sin-tener-permiso/ar2238496?referer=--7d616165662f3a3a6262623b727a7a7279703b767a783a--"",
    ""paywall "": true,
    ""coverageLevel"": ""Estatal"",
    ""author"": ""Violeta Mel\u00e9ndez""
}"
26,1,1,1,12/8/2021,"{
    ""name"": ""L\u00edder informativo"",
    ""headline"": ""Aclara Ayuntamiento de Tala que s\u00ed hay permisos para la construcci\u00f3n del nuevo basurero metropolitano; descartan clausura"",
    ""url"": ""https://lider919.com/aclara-ayuntamiento-de-tala-que-si-hay-permisos-para-la-construccion-del-nuevo-basurero-metropolitano-descartan-clausura "",
    ""paywall "": true,
    ""coverageLevel"": ""Estatal"",
    ""author"": ""Jos\u00e9 Toral""
}"
27,1,1,1,12/8/2021,"{
    ""name"": ""La Cascada"",
    ""headline"": ""Construyen en municipio de Tala nuevo vertedero que sustituir\u00e1 a Laureles"",
    ""url"": ""https://www.cascadanoticias.com/noticias/ecologia/ecologia/construyen-en-municipio-de-tala-nuevo-vertedero-que-sustituira-a-laureles"",
    ""paywall "": true,
    ""coverageLevel"": ""Local"",
    ""author"": ""Redacci\u00f3n ""
}"
28,1,1,1,12/8/2021,"{
    ""name"": ""REDTN"",
    ""headline"": ""Construyen nuevo basurero metropolitano en Tala."",
    ""url"": ""https://talajalisconoticias.com/2021/08/11/construyen-nuevo-basurero-metropolitano-en-tala/"",
    ""paywall "": true,
    ""coverageLevel"": ""Local"",
    ""author"": ""Redacci\u00f3n ""
}"
29,1,1,1,15/08/2021,"{
    ""name"": ""Mural"",
    ""headline"": ""Protestan en Tala por basurero en su municipio"",
    ""url"": ""https://www.mural.com.mx/aplicacioneslibre/preacceso/articulo/default.aspx?__rval=1&urlredirect=/protestan-en-tala-por-basurero-en-su-municipio/ar2240441"",
    ""paywall "": true,
    ""coverageLevel"": ""Estatal"",
    ""author"": ""Violeta Mel\u00e9ndez""
}"
30,1,1,1,15/08/2021,"{
    ""name"": ""El Occidental"",
    ""headline"": ""Vecinos se manifiestan en contra de basurero metropolitano en Tala"",
    ""url"": ""https://www.eloccidental.com.mx/local/noticias-vecinos-se-manifiestan-en-contra-de-basurero-metropolitano-en-tala-7089135.html"",
    ""paywall "": true,
    ""coverageLevel"": ""Estatal"",
    ""author"": ""Elizabeth R\u00edos""
}"
31,1,1,1,15/08/2021,"{
    ""name"": ""L\u00edder informativo"",
    ""headline"": ""Habitantes de Tala se manifiestan contra la construcci\u00f3n de basurero"",
    ""url"": ""https://lider919.com/habitantes-de-tala-se-manifiestan-contra-la-construccion-de-basurero"",
    ""paywall "": true,
    ""coverageLevel"": ""Estatal"",
    ""author"": ""Cecilia Cerna""
}"
32,1,1,1,15/08/2021,"{
    ""name"": ""Canal 44/Radio UdeG"",
    ""headline"": ""Habitantes de Tala alzan la voz contra nuevo basurero que sustituir\u00e1 a Los Laureles"",
    ""url"": ""https://udgtv.com/noticias/habitantes-tala-alzan-la-voz-nuevo-basurero-sustituira-los-laureles/"",
    ""paywall "": true,
    ""coverageLevel"": ""Estatal"",
    ""author"": ""F\u00e1tima Aguilar""
}"
33,1,1,1,15/08/2021,"{
    ""name"": ""La Cr\u00f3nica de Hoy"",
    ""headline"": ""Habitantes de Tala realizan protesta en contra del nuevo basurero metropolitano"",
    ""url"": ""https://www.cronicajalisco.com/notas-habitantes_de_tala_realizan_protesta_en_contra_del_nuevo_basurero_metropolitano-110120-2021"",
    ""paywall "": true,
    ""coverageLevel"": ""Estatal"",
    ""author"": ""Ignacio P\u00e9rez Vega""
}"
34,1,1,1,15/08/2021,"{
    ""name"": ""Notisistema"",
    ""headline"": ""Protestan en Tala: se oponen a albergar el nuevo vertedero metropolitano"",
    ""url"": ""https://www.notisistema.com/noticias/protestan-en-tala-se-oponen-a-albergar-el-nuevo-vertedero-metropolitano/"",
    ""paywall "": true,
    ""coverageLevel"": ""Estatal"",
    ""author"": ""H\u00e9ctor Escamilla Ram\u00edrez""
}"
35,1,1,1,15/08/2021,"{
    ""name"": ""TodoEnNoticia"",
    ""headline"": ""EL GOBIERNO DE JALISCO PRETENDE MANDAR EL TIRADERO DE LOS LAURELES DE TONAL\u00c1 A TALA, HABITANTES SE OPONEN"",
    ""url"": ""http://todoennoticia.com.mx/occidente-municipios-jalisco/el-gobierno-de-jalisco-pretende-mandar-el-tiradero-de-los-laureles-de-tonala-a-tala-habitantes-se-oponen/"",
    ""paywall "": true,
    ""coverageLevel"": ""Local"",
    ""author"": ""Juan Manuel Ram\u00edrez""
}"
36,1,1,1,15/08/2021,"{
    ""name"": ""Antena 7"",
    ""headline"": ""Manifestacion Pacifica vs Vertedero Los Laureles"",
    ""url"": ""https://www.facebook.com/Antena7TalaJalisco/videos/399083124980929"",
    ""paywall "": true,
    ""coverageLevel"": ""Local"",
    ""author"": ""S/A""
}"
37,1,1,1,16/08/2021,"{
    ""name"": ""El Diario NTR"",
    ""headline"": ""Habitantes de Tala protestan vs. basurero"",
    ""url"": ""https://ntrguadalajara.com/post.php?id_nota=170408"",
    ""paywall "": true,
    ""coverageLevel"": ""Estatal"",
    ""author"": ""Juan Levario""
}"
38,1,1,1,16/08/2021,"{
    ""name"": ""L\u00edder informativo"",
    ""headline"": ""Nuevo basurero en Tala da\u00f1ar\u00e1 corredor biol\u00f3gico del bosque La Primavera"",
    ""url"": ""https://lider919.com/nuevo-basurero-en-tala-danara-corredor-biologico-del-bosque-la-primavera"",
    ""paywall "": true,
    ""coverageLevel"": ""Estatal"",
    ""author"": ""Jos\u00e9 Toral""
}"
39,1,1,1,16/08/2021,"{
    ""name"": ""El Informador"",
    ""headline"": ""La Semadet niega fallas en cierre de vertedero Laureles; defiende nuevo relleno sanitario en Tala"",
    ""url"": ""https://www.informador.mx/jalisco/La-Semadet-niega-fallas-en-cierre-de-vertedero-Laureles-defiende-nuevo-relleno-sanitario-en-Tala-20210816-0097.html"",
    ""paywall "": true,
    ""coverageLevel"": ""Estatal"",
    ""author"": ""Rodrigo Rivas Uribe""
}"
40,1,1,1,16/08/2021,"{
    ""name"": ""L\u00edder informativo"",
    ""headline"": ""Piden poner a consultar entre habitantes de Tala si aceptan nuevo basurero"",
    ""url"": ""https://lider919.com/piden-poner-a-consultar-entre-habitantes-de-tala-si-aceptan-nuevo-basurero"",
    ""paywall "": true,
    ""coverageLevel"": ""Estatal"",
    ""author"": ""Jos\u00e9 Toral""
}"
41,1,1,1,16/08/2021,"{
    ""name"": ""Tr\u00e1fico ZMG"",
    ""headline"": ""Autoridades defienden el nuevo basurero en Tala; niegan irregularidades"",
    ""url"": ""https://traficozmg.com/2021/08/autoridades-defienden-el-nuevo-basurero-en-tala-niegan-irregularidades/ "",
    ""paywall "": true,
    ""coverageLevel"": ""Local"",
    ""author"": ""JJ""
}"
42,1,1,1,21/12/2020,"{
    ""name"": ""L\u00edder informativo"",
    ""headline"": ""A menos de un a\u00f1o del cierre de Laureles, a\u00fan no hay nuevo basurero metropolitano"",
    ""url"": ""https://lider919.com/a-menos-de-un-ano-del-cierre-de-laureles-aun-no-hay-nuevo-basurero-metropolitano"",
    ""paywall "": true,
    ""coverageLevel"": ""Estatal"",
    ""author"": ""Jos\u00e9 Toral""
}"
43,1,1,1,16/08/2021,"{
    ""name"": ""Radar Sonoro"",
    ""headline"": ""Habitantes de Tala se manifiestan contra nuevo basurero para sustituir a Los Laureles"",
    ""url"": ""https://radarsonoro.mx/index.php/2021/08/16/habitantes-de-tala-se-manifiestan-contra-nuevo-basurero-para-sustituir-a-los-laureles/"",
    ""paywall "": true,
    ""coverageLevel"": ""Estatal"",
    ""author"": ""Redacci\u00f3n""
}"
44,1,1,1,16/08/2021,"{
    ""name"": ""Notisistema"",
    ""headline"": ""Justifican autoridades mudanza de basurero a Tala, acusan politizaci\u00f3n del tema"",
    ""url"": ""https://www.notisistema.com/noticias/justifican-autoridades-mudanza-de-basurero-a-tala-acusan-politizacion-del-tema/"",
    ""paywall "": true,
    ""coverageLevel"": ""Estatal"",
    ""author"": ""Hector Escamilla Ramirez""
}"
45,1,1,1,16/08/2021,"{
    ""name"": ""Canal 44"",
    ""headline"": ""Habitantes de Tala alzan la voz contra el nuevo basurero que sustituir\u00e1 a Los Laureles"",
    ""url"": ""https://www.youtube.com/watch?v=9z0HwoCmvcI"",
    ""paywall "": true,
    ""coverageLevel"": ""Estatal"",
    ""author"": ""Fatima Aguilar""
}"
46,1,1,1,17/08/2021,"{
    ""name"": ""REDTN Jalisco"",
    ""headline"": ""La Semadet niega fallas en cierre de vertedero Laureles; defiende nuevo relleno sanitario en Tala"",
    ""url"": ""https://talajalisconoticias.com/2021/08/17/la-semadet-niega-fallas-en-cierre-de-vertedero-laureles-defiende-nuevo-relleno-sanitario-en-tala/"",
    ""paywall "": true,
    ""coverageLevel"": ""Local"",
    ""author"": ""Mihail Ram\u00edrez""
}"
47,1,1,1,18/08/2021,"{
    ""name"": ""Mural"",
    ""headline"": ""Niegan que Laureles tire lixiviados... sin inspeccionar"",
    ""url"": ""https://www.msn.com/es-mx/noticias/mexico/niegan-que-laureles-tire-lixiviados-sin-inspeccionar/ar-AANooVL?fbclid=IwAR17NOwtBur-DuiPGgfL2ZFH0FMfaJMBe1WXURILz0NduU0rN521_uzinhk"",
    ""paywall "": true,
    ""coverageLevel"": ""Estatal"",
    ""author"": ""Violeta Mel\u00e9ndez""
}"
48,1,1,1,18/08/2021,"{
    ""name"": ""MegaNoticias"",
    ""headline"": ""Prometen separaci\u00f3n y cuidado ambiental en nuevo basurero de Tala"",
    ""url"": ""https://www.meganoticias.mx/GUADALAJARA/noticia/prometen-separacion-y-cuidado-ambiental-en-nuevo-basurero-de-tala/265065"",
    ""paywall "": true,
    ""coverageLevel"": ""Nacional/local"",
    ""author"": ""Jose Carlos Rodriguez Toral""
}"
49,1,1,1,18/08/2021,"{
    ""name"": ""Informador"",
    ""headline"": ""Ignorar a las comunidades"",
    ""url"": ""https://www.informador.mx/ideas/Ignorar-a-las-comunidades-20210818-0039.html"",
    ""paywall "": true,
    ""coverageLevel"": ""Estatal"",
    ""author"": ""Ruben Martin""
}"
50,1,1,1,18/08/2021,"{
    ""name"": ""L\u00edder informativo"",
    ""headline"": ""Advierten pobladores de El Salto que contin\u00faa contaminaci\u00f3n por lixiviados en Los Laureles"",
    ""url"": ""https://lider919.com/advierten-pobladores-de-el-salto-que-continua-contaminacion-por-lixiviados-en-los-laureles"",
    ""paywall "": true,
    ""coverageLevel"": ""Estatal"",
    ""author"": ""Jos\u00e9 Toral""
}"
51,1,1,1,18/08/2021,"{
    ""name"": ""ZonaDocs"",
    ""headline"": ""La gesti\u00f3n de la basura en la ZMG es irregular y criminal por la complicidad de las autoridades: Un Salto de Vida"",
    ""url"": ""https://www.zonadocs.mx/2021/08/18/la-gestion-de-la-basura-en-la-zmg-es-irregular-y-criminal-por-la-complicidad-de-las-autoridades-un-salto-de-vida/"",
    ""paywall "": true,
    ""coverageLevel"": ""Estatal"",
    ""author"": ""Ximena Torres""
}"
52,1,1,1,17/08/2021,"{
    ""name"": ""ViewsMedia"",
    ""headline"": ""Habitantes de Tala inconformes por nuevo basurero; Las autoridades defienden el proyecto."",
    ""url"": ""https://viewsmedia.mx/index.php/2021/08/17/habitantes-de-tala-inconformes-por-nuevo-basurero-las-autoridades-defienden-el-proyecto/"",
    ""paywall "": true,
    ""coverageLevel"": ""Estatal"",
    ""author"": ""ViewsNoticas""
}"
53,1,1,1,18/08/2021,"{
    ""name"": ""Ximena Torres"",
    ""headline"": ""La gesti\u00f3n de la basura en la ZMG es irregular y criminal por la complicidad de las autoridades: Un Salto de Vida"",
    ""url"": "" https://www.zonadocs.mx/2021/08/18/la-gestion-de-la-basura-en-la-zmg-es-irregular-y-criminal-por-la-complicidad-de-las-autoridades-un-salto-de-vida/"",
    ""paywall "": true,
    ""coverageLevel"": ""Estatal"",
    ""author"": ""Zona Docs""
}"
54,1,1,1,22/08/2021,"{
    ""name"": ""UdeGTV"",
    ""headline"": ""Tala protesta de nuevo en contra del nuevo vertedero metropolitano"",
    ""url"": ""https://udgtv.com/noticias/tala-protesta-contra-nuevo-vertedero-metropolitano/"",
    ""paywall "": true,
    ""coverageLevel"": ""Estatal"",
    ""author"": ""Celia Ni\u00f1o""
}"
55,1,1,1,22/08/21,"{
    ""name"": ""L\u00edder informativo"",
    ""headline"": ""zA"",
    ""url"": ""https://lider919.com/habitantes-de-tala-se-oponen-instalacion-de-vertedero"",
    ""paywall "": true,
    ""coverageLevel"": ""Estatal"",
    ""author"": ""Vicente Torres ""
}"
56,1,1,1,22/08/21,"{
    ""name"": ""Mural"",
    ""headline"": ""Emite Laureles 50% de gases por residuos de Jalisco"",
    ""url"": ""https://www.mural.com.mx/emite-laureles-50-de-gases-por-residuos-de-jalisco/gr/ar2244165?md5=43144707f3527189ec8208ef8019d853&ta=0dfdbac11765226904c16cb9ad1b2efe&utm_source=elemento_web&utm_medium=email&utm_campaign=promocion_suscriptor"",
    ""paywall "": true,
    ""coverageLevel"": ""Estatal"",
    ""author"": null
}"
57,1,1,1,23/08/21,"{
    ""name"": ""La Cascada"",
    ""headline"": ""Dos luchas contra basureros: que Laureles cierre, y que Tala no abra"",
    ""url"": ""https://www.cascadanoticias.com/noticias/locales/el-salto/dos-luchas-contra-basureros-que-laureles-cierre-y-que-tala-no-abra?fbclid=IwAR3II-T4TydoFxe5bHSpE-RPYeh2Ss9UnfY9Agcd8eOiOu3yB2EBOhMtSi0"",
    ""paywall "": true,
    ""coverageLevel"": ""Local"",
    ""author"": ""Redacci\u00f3n""
}"
58,1,1,1,23/08/21,"{
    ""name"": ""L\u00edder informativo"",
    ""headline"": ""Promesas incumplidas de Caabsa dejan dudas frente al nuevo basurero de Tala: entrevista con Gerardo Bernache"",
    ""url"": ""https://lider919.com/promesas-incumplidas-de-caabsa-dejan-dudas-frente-al-nuevo-basurero-de-tala-entrevista-con-gerardo-bernache"",
    ""paywall "": true,
    ""coverageLevel"": ""Estatal"",
    ""author"": ""Jos\u00e9 Toral""
}"
59,1,1,1,19/08/21,"{
    ""name"": ""ZonaDocs"",
    ""headline"": ""Nuevo vertedero en Tala amenaza la vida de sus habitantes"",
    ""url"": ""https://www.zonadocs.mx/2021/08/19/nuevo-vertedero-en-tala-amenaza-la-vida-de-sus-habitantes/?amp=1&__twitter_impression=true "",
    ""paywall "": true,
    ""coverageLevel"": ""Estatal"",
    ""author"": ""Samantha Anaya""
}"
60,1,1,1,17/08/21,"{
    ""name"": ""Antena 7 Tala, Jalisco"",
    ""headline"": ""Aqu\u00ed el Comunicado Oficial de los habitantes del Fccto. Ruise\u00f1ores en contra del Vertedero Metropolitano (Centro Integral de Econom\u00eda Circular) \ud83d\udc47\ud83d\udc47"",
    ""url"": ""https://www.facebook.com/268868479958803/posts/1781697028675933/?sfnsn=scwspmo"",
    ""paywall "": true,
    ""coverageLevel"": ""Local"",
    ""author"": ""Habitantes del Fracc. Los Ruise\u00f1ores""
}"
61,1,1,1,23/08/21,"{
    ""name"": ""Antena 7 Tala, Jalisco"",
    ""headline"": ""Gerardo Ruiz Presidente del Comisariado Ejidal de #Tala en entrevista."",
    ""url"": ""https://www.facebook.com/Antena7TalaJalisco/videos/789869995154670/"",
    ""paywall "": true,
    ""coverageLevel"": ""Local"",
    ""author"": null
}"
62,1,1,1,24/08/21,"{
    ""name"": ""Mural"",
    ""headline"": ""Afectar\u00e1 vertedero de Tala a la fauna"",
    ""url"": ""https://www.mural.com.mx/afectara-vertedero-de-tala-a-la-fauna/gr/ar2245086?md5=4b64a99963741ca4cc048e74130f0f15&ta=0dfdbac11765226904c16cb9ad1b2efe&utm_source=elemento_web&utm_medium=email&utm_campaign=promocion_suscriptor"",
    ""paywall "": true,
    ""coverageLevel"": ""Estatal"",
    ""author"": ""Violeta Mel\u00e9ndez""
}"
63,1,1,1,24/08/21,"{
    ""name"": ""L\u00edder informativo"",
    ""headline"": ""Ejidatarios de Tala advierten afectaciones a sus tierras si avanza el nuevo basurero metropolitano"",
    ""url"": ""https://lider919.com/ejidatarios-de-tala-advierten-afectaciones-a-sus-tierras-si-avanza-el-nuevo-basurero-metropolitano"",
    ""paywall "": true,
    ""coverageLevel"": ""Estatal"",
    ""author"": ""Jos\u00e9 Toral""
}"
64,1,1,1,25/08/21,"{
    ""name"": ""Mural"",
    ""headline"": ""Llevan al Congreso 6 mil firmas contra vertedero de Tala"",
    ""url"": ""https://www.mural.com.mx/aplicacioneslibre/preacceso/articulo/default.aspx?__rval=1&urlredirect=/llevan-al-congreso-6-mil-firmas-contra-vertedero-de-tala/ar2246558"",
    ""paywall "": true,
    ""coverageLevel"": ""Estatal"",
    ""author"": ""Violeta Mel\u00e9ndez""
}"
65,1,1,1,25/08/21,"{
    ""name"": ""L\u00edder informativo"",
    ""headline"": ""Definir\u00e1 Ejido de Tala postura frente al basurero en asamblea este domingo"",
    ""url"": ""https://lider919.com/definira-ejido-de-tala-postura-frente-al-basurero-en-asamblea-este-domingo"",
    ""paywall "": true,
    ""coverageLevel"": ""Estatal"",
    ""author"": ""Jos\u00e9 Toral""
}"
66,1,1,1,01/09/21,"{
    ""name"": ""Mural"",
    ""headline"": ""Laureles no cumple con nada.- Graf"",
    ""url"": ""https://www.mural.com.mx/aplicacioneslibre/preacceso/articulo/default.aspx?__rval=1&urlredirect=/laureles-no-cumple-con-nada-graf/ar2250190"",
    ""paywall "": true,
    ""coverageLevel"": ""Estatal"",
    ""author"": ""Violeta Mel\u00e9ndez""
}"
67,1,1,1,01/09/21,"{
    ""name"": ""L\u00edder informativo"",
    ""headline"": ""Recomienda Semadet a Tala negociar con Guadalajara compensaci\u00f3n por nuevo basurero"",
    ""url"": ""https://lider919.com/recomienda-semadet-a-tala-negociar-con-guadalajara-compensacion-por-nuevo-basurero"",
    ""paywall "": true,
    ""coverageLevel"": ""Estatal"",
    ""author"": ""Jos\u00e9 Toral""
}"
68,1,1,1,01/09/21,"{
    ""name"": ""L\u00edder informativo"",
    ""headline"": ""Rechaza Ayuntamiento de Tala nuevo basurero metropolitano"",
    ""url"": ""https://lider919.com/rechaza-ayuntamiento-de-tala-nuevo-basurero-metropolitano"",
    ""paywall "": true,
    ""coverageLevel"": ""Estatal"",
    ""author"": ""Jos\u00e9 Toral""
}"
69,1,1,1,02/09/21,"{
    ""name"": ""Meganoticias "",
    ""headline"": ""Construyen basurero metropolitano en Tala con licencia de bodega"",
    ""url"": ""https://www.meganoticias.mx/guadalajara/noticia/construyen-basurero-metropolitano-en-tala-con-licencia-de-bodega/269366"",
    ""paywall "": true,
    ""coverageLevel"": ""Estatal"",
    ""author"": ""Jos\u00e9 Toral""
}"
70,1,1,1,02/09/21,"{
    ""name"": ""L\u00edder informativo"",
    ""headline"": ""Diputadas federales de MORENA piden intervenci\u00f3n de SEMARNAT, ante construcci\u00f3n de basurero metropolitano en Tala"",
    ""url"": ""https://lider919.com/diputadas-federales-de-morena-piden-intervencion-de-semarnat-ante-construccion-de-basurero-metropolitano-en-tala"",
    ""paywall "": true,
    ""coverageLevel"": ""Estatal"",
    ""author"": ""Jos\u00e9 Toral""
}"
71,1,1,1,02/09/21,"{
    ""name"": ""L\u00edder informativo"",
    ""headline"": ""Se\u00f1alan \u00abclaroscuros\u00bb en ampliaci\u00f3n de concesi\u00f3n a Caabsa Eagle"",
    ""url"": ""https://lider919.com/senalan-claroscuros-en-ampliacion-de-concesion-a-caabsa-eagle"",
    ""paywall "": true,
    ""coverageLevel"": ""Estatal"",
    ""author"": ""Cecilia Cerna ""
}"
72,1,1,1,03/09/21,"{
    ""name"": ""Mural"",
    ""headline"": ""Chiquean' a Caabsa y cargan mano a ciudadanos con multas"",
    ""url"": ""https://www.mural.com.mx/aplicacioneslibre/preacceso/articulo/default.aspx?__rval=1&urlredirect=/chiquean-a-caabsa-y-cargan-mano-a-ciudadanos-con-multas/ar2251844"",
    ""paywall "": true,
    ""coverageLevel"": ""Estatal"",
    ""author"": ""Fernanda Carapia""
}"
73,1,1,1,03/09/21,"{
    ""name"": ""Mural"",
    ""headline"": ""Da Semadet permiso para basurero a ciegas"",
    ""url"": ""https://www.mural.com.mx/aplicacioneslibre/preacceso/articulo/default.aspx?__rval=1&urlredirect=/da-semadet-permiso-para-basurero-a-ciegas/ar2251755?v=2&referer=--7d616165662f3a3a613b767a3a--"",
    ""paywall "": true,
    ""coverageLevel"": ""Estatal"",
    ""author"": ""Violeta Mel\u00e9ndez""
}"
74,1,1,1,03/09/21,"{
    ""name"": ""Diario NTR"",
    ""headline"": ""Anuncian protesta en Casa Jalisco vs. basurero en Tala"",
    ""url"": ""https://www.ntrguadalajara.com/post.php?id_nota=171272"",
    ""paywall "": true,
    ""coverageLevel"": ""Estatal"",
    ""author"": ""Lauro Rodr\u00edguez ""
}"
75,1,1,1,03/09/21,"{
    ""name"": ""Meganoticias "",
    ""headline"": ""Ante presi\u00f3n social suspenden tiradero en Tala"",
    ""url"": ""https://www.meganoticias.mx/guadalajara/noticia/ante-presion-social-suspenden-tiradero-en-tala/269500"",
    ""paywall "": true,
    ""coverageLevel"": ""Estatal"",
    ""author"": ""Karla Jim\u00e9nez ""
}"
76,1,1,1,03/09/21,"{
    ""name"": ""El Informador"",
    ""headline"": ""Cancelan basurero metropolitano en Tala"",
    ""url"": ""https://www.informador.mx/jalisco/Cancelan-basurero-metropolitano-en-Tala-20210903-0072.html"",
    ""paywall "": true,
    ""coverageLevel"": ""Estatal"",
    ""author"": ""Ernesto G\u00f3mez ""
}"
77,1,1,1,29/09/2021,"{
    ""name"": ""Diario NTR"",
    ""headline"": ""Guadalajara enviar\u00e1 su basura al vertedero Picachos en Zapopan"",
    ""url"": ""https://www.ntrguadalajara.com/post.php?id_nota=172362"",
    ""paywall "": true,
    ""coverageLevel"": ""Estatal"",
    ""author"": ""Lauro Rodr\u00edguez ""
}"
78,1,1,1,29/09/2021,"{
    ""name"": ""Lider Informativo"",
    ""headline"": ""Confirman cierre del basurero \u00abLos Laureles\u00bb; municipios aportar\u00e1n recursos para la remediaci\u00f3n ambiental"",
    ""url"": ""https://lider919.com/confirman-cierre-del-basurero-los-laureles-municipios-aportaran-recursos-para-la-remediacion-ambiental"",
    ""paywall "": true,
    ""coverageLevel"": ""Estatal"",
    ""author"": ""Jos\u00e9 Toral""
}"
79,1,1,1,30/09/2021,"{
    ""name"": ""La Cr\u00f3nica de Hoy Jalisco "",
    ""headline"": ""Ayuntamientos tendr\u00e1n que \u201cremediar\u201d tiradero Los Laureles, tras 22 a\u00f1os de recibir basura"",
    ""url"": ""https://www.cronicajalisco.com/notas-ayuntamientos_tendran_que_remediar_tiradero_los_laureles_tras_22_anos_de_recibir_basura-111032-2021"",
    ""paywall "": true,
    ""coverageLevel"": ""Estatal"",
    ""author"": ""Ignacio P\u00e9rez Vega""
}"
80,1,1,1,30/09/2021,"{
    ""name"": ""Mural"",
    ""headline"": ""Le echan mano Ayuntamientos a Caabsa en pago"",
    ""url"": ""https://www.mural.com.mx/aplicacioneslibre/preacceso/articulo/default.aspx?__rval=1&urlredirect=https://www.mural.com.mx/le-echan-mano-ayuntamientos-a-caabsa-en-pago/ar2268373?utm_source=twitter&utm_medium=social&utm_campaign=robotgr&utm_content=@mural&imgwm=transparente&referer=--7d616165662f3a3a613b767a3a--"",
    ""paywall "": true,
    ""coverageLevel"": ""Estatal"",
    ""author"": ""Violeta Mel\u00e9ndez""
}"
81,1,1,1,31/09/2021,"{
    ""name"": ""UdeGTV"",
    ""headline"": ""Cierra el vertedero Los Laureles y terminan 22 a\u00f1os de afectaci\u00f3n ambiental"",
    ""url"": ""https://udgtv.com/noticias/cierra-vertedero-los-laureles-terminan-22-anos-afectacion-ambiental/"",
    ""paywall "": true,
    ""coverageLevel"": ""Estatal"",
    ""author"": ""Iv\u00e1n De Le\u00f3n Mel\u00e9ndrez""
}"
82,1,1,1,01/10/2021,"{
    ""name"": ""Tr\u00e1fico ZMG"",
    ""headline"": ""Extienden un mes m\u00e1s el cierre del bausero Los Laureles"",
    ""url"": ""https://traficozmg.com/2021/10/extienden-un-mes-mas-el-cierre-del-bausero-los-laureles/"",
    ""paywall "": true,
    ""coverageLevel"": ""Estatal"",
    ""author"": ""Redacci\u00f3n""
}"
83,1,1,1,01/10/2021,"{
    ""name"": ""Informador MX"",
    ""headline"": ""Dan pr\u00f3rroga de un mes a recolecci\u00f3n y traslado de basura a Los Laureles"",
    ""url"": ""https://www.informador.mx/jalisco/Los-Laureles-Dan-prorroga-de-un-mes-a-recoleccion-y-traslado-de-basura-al-vertedero-20211001-0112.html"",
    ""paywall "": true,
    ""coverageLevel"": ""Estatal"",
    ""author"": ""Ernesto G\u00f3mez ""
}"
84,1,1,1,01/10/2021,"{
    ""name"": ""UdeGTV"",
    ""headline"": ""A prop\u00f3sito de Los Laureles\u2026 \u00bfPor qu\u00e9 es importante el tratamiento de los jugos de la basura?"",
    ""url"": ""https://udgtv.com/noticias/los-laureles-por-que-importante-tratamiento-jugos-de-la-basura/"",
    ""paywall "": true,
    ""coverageLevel"": ""Estatal"",
    ""author"": "" Gladiola Madera""
}"
85,1,1,1,01/10/2021,"{
    ""name"": ""Nota en prensa. Tonal\u00e1"",
    ""headline"": ""Gobierno Municipal atiende a manifestantes por cierre del vertedero de Los Laureles"",
    ""url"": ""https://tonala.gob.mx/portal/2021/10/01/gobierno-municipal-atiende-a-manifestantes-por-cierre-del-vertedero-de-los-laureles/"",
    ""paywall "": true,
    ""coverageLevel"": ""Local"",
    ""author"": ""Redacci\u00f3n""
}"
86,1,1,1,01/10/2021,"{
    ""name"": ""Quadrat\u00edn Jalisco"",
    ""headline"": ""Posponen un mes cierre del vertedero de Los Laureles"",
    ""url"": ""https://jalisco.quadratin.com.mx/principal/posponen-un-mes-cierre-del-vertedero-de-los-laureles/"",
    ""paywall "": true,
    ""coverageLevel"": ""Estatal"",
    ""author"": ""Redacci\u00f3n""
}"
87,1,1,1,01/10/2021,"{
    ""name"": ""Milenio"",
    ""headline"": ""Postergan un mes m\u00e1s el cierre de vertedero Los Laureles"",
    ""url"": ""https://www.milenio.com/politica/comunidad/los-laureles-postergan-un-mes-mas-cierre-de-vertedero"",
    ""paywall "": true,
    ""coverageLevel"": ""Local"",
    ""author"": ""Josefina Ru\u00edz""
}"
88,1,1,1,01/10/2021,"{
    ""name"": ""El Occidental"",
    ""headline"": ""Pepenadores y choferes de camiones recolectores se oponen al cierre de Los Laureles"",
    ""url"": ""https://www.eloccidental.com.mx/local/pepenadores-y-choferes-de-camiones-recolectores-se-oponen-al-cierre-de-los-laureles-7284735.html"",
    ""paywall "": true,
    ""coverageLevel"": ""Local"",
    ""author"": ""V\u00edctor Ch\u00e1vez""
}"
89,1,1,1,01/10/2021,"{
    ""name"": ""Azteca Noticias Jalisco"",
    ""headline"": ""Cierra puertas Los Laureles"",
    ""url"": ""https://www.aztecajalisco.com/noticias/cierra-puertas-los-laureles"",
    ""paywall "": true,
    ""coverageLevel"": ""Estatal"",
    ""author"": ""Becky Reynoso.""
}"
90,1,1,1,1/10/2021,"{
    ""name"": ""Informador MX"",
    ""headline"": ""Se manifiestan pepenadores afuera de Palacio de Gobierno y cierran calles del Centro"",
    ""url"": ""https://www.informador.mx/jalisco/Guadalajara-Pepenadores-amenazan-con-cerrar-calles-del-Centro-historico-20211001-0074.html"",
    ""paywall "": true,
    ""coverageLevel"": ""Estatal"",
    ""author"": ""Mar\u00eda Guadalupe Cruz Casillas""
}"
91,1,1,1,1/10/2021,"{
    ""name"": ""Efecto Ezpiral"",
    ""headline"": ""<<Los Pepes unidos, jam\u00e1s ser\u00e1n vencidos>> Trabajadores del vertedero de Los Laureles cierran calles de Tonal\u00e1 y Guadalajara, quieren que se mantenga abierto su fuente de empleo"",
    ""url"": ""https://efectoezpiral.com/2021/10/01/los-pepes-unidos-jamas-seran-vencidos/"",
    ""paywall "": true,
    ""coverageLevel"": ""Local"",
    ""author"": ""Mario D\u00edaz""
}"
92,1,1,1,2/10/2021,"{
    ""name"": ""Milenio"",
    ""headline"": ""Tlajomulco sin conocimiento del lugar para sus desechos, Ixtlahuac\u00e1n una posibilidad"",
    ""url"": ""https://labcsa.org/2021/10/02/tlajomulco-sin-conocimiento-del-lugar-para-sus-desechos-ixtlahuacan-una-posibilidad/"",
    ""paywall "": true,
    ""coverageLevel"": ""Local"",
    ""author"": ""Diana Barajas""
}"
93,1,1,1,4/10/2021,"{
    ""name"": ""Diario NTR"",
    ""headline"": ""Empresa brit\u00e1nica operar\u00e1 planta recicladora en Tlajo"",
    ""url"": ""https://www.ntrguadalajara.com/post.php?id_nota=172562"",
    ""paywall "": true,
    ""coverageLevel"": ""Local"",
    ""author"": ""Juan Levario""
}"
94,1,1,1,4/10/2021,"{
    ""name"": ""Bolet\u00edn Informativo. Tlajomulco"",
    ""headline"": ""Innovar\u00e1 Tlajomulco en aprovechamiento integral de residuos"",
    ""url"": ""https://tlajomulco.gob.mx/comunicacion-institucional/innovara-tlajomulco-en-aprovechamiento-integral-de-residuos"",
    ""paywall "": true,
    ""coverageLevel"": ""Local"",
    ""author"": ""Redacci\u00f3n""
}"
95,1,1,1,4/10/2021,"{
    ""name"": ""Publimetro"",
    ""headline"": ""Tlajomulco invertir\u00e1 100 mdd para construir centro de tratamiento de basura"",
    ""url"": ""https://www.publimetro.com.mx/jalisco/2021/10/04/tlajomulco-invertira-100-mdd-para-construir-centro-de-tratamiento-de-basura/"",
    ""paywall "": true,
    ""coverageLevel"": ""Local"",
    ""author"": ""H\u00e9ctor Escamilla""
}"
96,1,1,1,4/10/2021,"{
    ""name"": ""Informador MX"",
    ""headline"": ""Pese a pr\u00f3rroga, rechazan cierre de Laureles"",
    ""url"": ""https://www.informador.mx/jalisco/Pese-a-prorroga-rechazan-cierre-de-Laureles-20211004-0043.html"",
    ""paywall "": true,
    ""coverageLevel"": ""Estatal"",
    ""author"": ""Redacci\u00f3n""
}"
97,1,1,1,4/10/2021,"{
    ""name"": ""Informador MX"",
    ""headline"": ""Ante cierre de Los Laureles, Tlajomulco construir\u00e1 planta de tratamiento de residuos"",
    ""url"": ""https://www.informador.mx/jalisco/Ante-cierre-de-Los-Laureles-Tlajomulco-construira-planta-de-tratamiento-de-residuos-20211004-0095.html"",
    ""paywall "": true,
    ""coverageLevel"": ""Estatal"",
    ""author"": ""Ernesto G\u00f3mez ""
}"
98,1,1,1,6/10/2021,"{
    ""name"": ""Quiero TV"",
    ""headline"": ""Predio la Cajilota Tlajomulco"",
    ""url"": ""https://quierotv.mx/2021/10/06/predio-la-cajilota-tlajomulco/"",
    ""paywall "": true,
    ""coverageLevel"": ""Local"",
    ""author"": ""Perla Burciaga""
}"
99,1,1,1,8/10/2021,"{
    ""name"": ""UdeGTV"",
    ""headline"": ""Ampl\u00edan Picachos para que reciba basura de Zapopan y Guadalajara por siete meses m\u00e1s"",
    ""url"": ""https://udgtv.com/noticias/amplian-picachos-reciba-basura-zapopan-guadalajara-siete-meses/"",
    ""paywall "": true,
    ""coverageLevel"": ""Local"",
    ""author"": ""Iv\u00e1n De Le\u00f3n Mel\u00e9ndrez""
}"
100,1,1,1,10/10/2021,"{
    ""name"": ""Prensa. Gobierno del Estado del Jalisco"",
    ""headline"": ""COMO MUESTRA DE SOLIDARIDAD CON LOS PEPENADORES DE LOS LAURELES Y A PETICI\u00d3N DE LOS ALCALDES METROPOLITANOS, EL RELLENO ESTAR\u00c1 ABIERTO UN MES M\u00c1S COMO FECHA IMPRORROGABLE"",
    ""url"": ""https://www.jalisco.gob.mx/es/prensa/noticias/133737"",
    ""paywall "": true,
    ""coverageLevel"": ""Estatal"",
    ""author"": ""Redacci\u00f3n""
}"
101,1,1,1,10/10/2021,"{
    ""name"": ""La Cr\u00f3nica de Hoy Jalisco "",
    ""headline"": ""El gobierno federal debe sanear cinco r\u00edos y arroyos del norte de Zapopan, advierten pobladores"",
    ""url"": ""https://www.cronicajalisco.com/notas-el_gobierno_federal_debe_sanear_cinco_rios_y_arroyos_del_norte_de_zapopan_advierten_pobladores-111221-2021"",
    ""paywall "": true,
    ""coverageLevel"": ""Estatal"",
    ""author"": ""Ignacio P\u00e9rez Vega""
}"
102,1,1,1,11/10/2021,"{
    ""name"": ""Tr\u00e1fico ZMG"",
    ""headline"": ""Monitoreo y fiscalizaci\u00f3n a camiones recolectores de Caabsa"",
    ""url"": ""https://traficozmg.com/2021/10/monitoreo-y-fiscalizacion-a-camiones-recolectores-de-caabsa/"",
    ""paywall "": true,
    ""coverageLevel"": ""Local"",
    ""author"": ""Isela Ibarra""
}"
103,1,1,1,11/10/2021,"{
    ""name"": ""Nota de prensa. Morena"",
    ""headline"": ""Pedimos a Contralor\u00eda municipal de Guadalajara vigilar que las dependencias no desv\u00eden recursos humanos, materiales y financieros para la elecci\u00f3n extraordinaria de Tlaquepaque."",
    ""url"": ""https://morena-jalisco.org/2021/10/11/solicitan-regidores-electos-de-morena-en-guadalajara-juicio-de-lesividad-por-caabsa-eagle-2/"",
    ""paywall "": true,
    ""coverageLevel"": ""Local"",
    ""author"": ""Redacci\u00f3n""
}"
104,1,1,1,12/10/2021,"{
    ""name"": ""Quadrat\u00edn Jalisco"",
    ""headline"": ""Temen mayor contaminaci\u00f3n ante pr\u00f3ximo cierre de Picachos"",
    ""url"": ""https://jalisco.quadratin.com.mx/principal/temen-mayor-contaminacion-ante-proximo-cierre-de-picachos/"",
    ""paywall "": true,
    ""coverageLevel"": ""Estatal"",
    ""author"": ""Redacci\u00f3n""
}"
105,1,1,1,13/10/2021,"{
    ""name"": ""notisistema"",
    ""headline"": ""Basurero de Hasars tambi\u00e9n presenta fallas en su operaci\u00f3n"",
    ""url"": ""https://www.notisistema.com/noticias/basurero-de-hasars-tambien-presenta-fallas-en-su-operacion-acusan-afectados-por-contaminacion/"",
    ""paywall "": true,
    ""coverageLevel"": ""Estatal"",
    ""author"": ""H\u00e9ctor Escamilla Ram\u00edrez""
}"
106,1,1,1,13/10/2021,"{
    ""name"": ""Mural"",
    ""headline"": ""Contamina Picachos con cianuro, mercurio, cobre..."",
    ""url"": ""https://www.mural.com.mx/aplicacioneslibre/preacceso/articulo/default.aspx?__rval=1&urlredirect=https://www.mural.com.mx/contamina-picachos-con-cianuro-mercurio-cobre/ar2276397?referer=--7d616165662f3a3a6262623b727a7a7279703b767a783a--"",
    ""paywall "": true,
    ""coverageLevel"": ""Local"",
    ""author"": ""Violeta Mel\u00e9ndez""
}"
107,1,1,1,13/10/2020,"{
    ""name"": ""debate"",
    ""headline"": ""Detectan metales pesados en basurero de Guadalajara, Jalisco; Piden no verter m\u00e1s desechos"",
    ""url"": ""https://www.debate.com.mx/guadalajara/Detectan-metales-pesados-en-basurero-de-Guadalajara-Jalisco-Piden-no-verter-mas-desechos-20211013-0126.html"",
    ""paywall "": true,
    ""coverageLevel"": ""Local"",
    ""author"": ""Edwin Gonz\u00e1lez""
}"
108,1,1,1,13/10/2021,"{
    ""name"": ""Publimetro"",
    ""headline"": ""Temen m\u00e1s da\u00f1os ambientales al extender basurero en Zapopan, Jalisco"",
    ""url"": ""https://www.publimetro.com.mx/jalisco/2021/10/13/temen-mas-danos-ambientales-al-extender-basurero-en-zapopan-jalisco/"",
    ""paywall "": true,
    ""coverageLevel"": ""Estatal"",
    ""author"": ""H\u00e9ctor Escamilla""
}"
109,1,1,1,13/10/2021,"{
    ""name"": ""Prensa. Gobierno del Estado del Jalisco"",
    ""headline"": ""AUTORIDADES ESTATALES Y EXPERTOS EN RESIDUOS REALIZAN RECORRIDO DE SUPERVISI\u00d3N EN PICACHOS"",
    ""url"": ""https://www.jalisco.gob.mx/es/prensa/noticias/134518"",
    ""paywall "": true,
    ""coverageLevel"": ""Estatal"",
    ""author"": ""Redacci\u00f3n""
}"
110,1,1,1,14/10/2021,"{
    ""name"": ""El Occidental"",
    ""headline"": ""Manifestaciones contra basurero de Picachos son incentivadas por Caabsa: Pablo Lemus"",
    ""url"": ""https://www.eloccidental.com.mx/local/manifestaciones-contra-basurero-de-picachos-son-incentivadas-por-caabsa-pablo-lemus-7341566.html"",
    ""paywall "": true,
    ""coverageLevel"": ""Local"",
    ""author"": ""Elizabeth R\u00edos ""
}"
111,1,1,1,18/10/2020,"{
    ""name"": ""Mural"",
    ""headline"": ""Urgen a cambiar contratos con Caabsa para reducir residuos"",
    ""url"": ""https://www.mural.com.mx/aplicacioneslibre/preacceso/articulo/default.aspx?__rval=1&urlredirect=/urgen-a-cambiar-contratos-con-caabsa-para-reducir-residuos/ar2279793"",
    ""paywall "": true,
    ""coverageLevel"": ""Local"",
    ""author"": ""Violeta Mel\u00e9ndez""
}"
112,1,1,1,18/10/2021,"{
    ""name"": ""Metr\u00f3poliMX"",
    ""headline"": ""Conoce el \u00e1rea m\u00e1s contaminada de la ZMG"",
    ""url"": ""https://metropolimxjalisco.com/conoce-las-areas-mas-contaminadas-de-la-zmg/"",
    ""paywall "": true,
    ""coverageLevel"": ""Estatal"",
    ""author"": ""Redacci\u00f3n""
}"
113,1,1,1,19/10/2021,"{
    ""name"": ""ZonaDocs"",
    ""headline"": ""Hacia un nuevo modelo de gesti\u00f3n de la basura \u00bfcu\u00e1l es el problema actual y qu\u00e9 deber\u00eda cambiar?"",
    ""url"": ""https://www.zonadocs.mx/2021/10/19/hacia-un-nuevo-modelo-de-gestion-de-la-basura-cual-es-el-problema-actual-y-que-deberia-cambiar/"",
    ""paywall "": true,
    ""coverageLevel"": ""Local"",
    ""author"": ""Ximena Torres""
}"
114,1,1,1,20/10/2021,"{
    ""name"": ""Mural"",
    ""headline"": ""Hacen basurero de predio en Tlajomulco"",
    ""url"": ""https://www.mural.com.mx/aplicacioneslibre/preacceso/articulo/default.aspx?__rval=1&urlredirect=https://www.mural.com.mx/hacen-basurero-de-predio-en-tlajomulco/ar2280740?referer=--7d616165662f3a3a6262623b727a7a7279703b767a783a--"",
    ""paywall "": true,
    ""coverageLevel"": ""Local"",
    ""author"": ""Violeta Mel\u00e9ndez""
}"
115,1,1,1,20/10/2022,"{
    ""name"": ""UdeGTV"",
    ""headline"": ""Comerciantes perciben mala operaci\u00f3n de los Puntos Limpios en Guadalajara"",
    ""url"": ""https://udgtv.com/noticias/comerciantes-perciben-mala-operacion-los-puntos-limpios-guadalajara/"",
    ""paywall "": true,
    ""coverageLevel"": ""Local"",
    ""author"": ""Iv\u00e1n De Le\u00f3n Mel\u00e9ndrez""
}"
116,1,1,1,25/10/2021,"{
    ""name"": ""El Suspicaz | Perimetral"",
    ""headline"": ""Incumple Gobierno de Jalisco sentencia para cierre de basurero en Tapalpa"",
    ""url"": ""https://elsuspicaz.com/incumple-gobierno-de-jalisco-sentencia-para-cierre-de-basurero-en-tapalpa/"",
    ""paywall "": true,
    ""coverageLevel"": ""Estatal"",
    ""author"": ""Susana Rodr\u00edguez""
}"
117,1,1,1,26/10/2021,"{
    ""name"": ""Notisistema"",
    ""headline"": ""El lunes es el cierre definitivo del basurero de Los Laureles"",
    ""url"": ""https://www.notisistema.com/noticias/el-lunes-es-el-cierre-definitivo-del-basurero-de-los-laureles/"",
    ""paywall "": true,
    ""coverageLevel"": ""Estatal"",
    ""author"": ""H\u00e9ctor Escamilla Ram\u00edrez""
}"
118,1,1,1,26/10/2022,"{
    ""name"": ""Mercados. Dress"",
    ""headline"": ""Pepenadores de Los Laureles, sin relaci\u00f3n laboral con Caabsa Eagle"",
    ""url"": ""https://mercados.press/pepenadores-los-laureles-sin-relacion-laboral-con-caabsa-eagle/"",
    ""paywall "": true,
    ""coverageLevel"": ""Nacional"",
    ""author"": ""Redacci\u00f3n""
}"
119,1,1,1,27/10/2022,"{
    ""name"": ""Azteca Noticias Jalisco"",
    ""headline"": ""Pepenadores tienen plazo de trabajo hasta el 30 de octubre en Los Laureles"",
    ""url"": ""https://www.aztecajalisco.com/azteca-noticias-jalisco/pepenadores-tienen-plazo-de-trabajo-hasta-el-30-de-octubre-en-los-laureles"",
    ""paywall "": true,
    ""coverageLevel"": ""Estatal"",
    ""author"": ""Celina G\u00f3mez""
}"
120,1,1,1,26/10/2023,"{
    ""name"": ""Alcaldes de M\u00e9xico"",
    ""headline"": ""Una tendencia que lleva a municipios solventes y sin contaminaci\u00f3n"",
    ""url"": ""https://www.alcaldesdemexico.com/revista/wp-content/uploads/2021/10/AM-Revista-completa-OCT21-web-1_compressed.pdf"",
    ""paywall "": true,
    ""coverageLevel"": ""Nacional"",
    ""author"": ""Martha Palma L\u00f3pez""
}"
121,1,1,1,28/10/2021,"{
    ""name"": ""Prensa. Gobierno del Estado del Jalisco"",
    ""headline"": ""ENRIQUE ALFARO PRESENTA UN JALISCO M\u00c1S FUERTE EN OBRA P\u00daBLICA, MOVILIDAD, INFRAESTRUCTURA CARRETERA, EDUCATIVA, DE SALUD, MEDIO AMBIENTE, DESARROLLO ECON\u00d3MICO, Y DESTACA BUEN MANEJO DE LA PANDEMIA, DE LA DEUDA P\u00daBLICA, LIDERAZGO EN CREACI\u00d3N DE EMPLEOS"",
    ""url"": ""https://www.jalisco.gob.mx/es/prensa/noticias/135183"",
    ""paywall "": true,
    ""coverageLevel"": ""Estatal"",
    ""author"": ""Redacci\u00f3n""
}"
122,1,1,1,28/10/2021,"{
    ""name"": ""El Occidental"",
    ""headline"": ""Restan unos d\u00edas para el cierre definitivo de Los Laureles"",
    ""url"": ""https://www.eloccidental.com.mx/local/restan-unos-dias-para-el-cierre-definitivo-de-los-laureles-7404475.html"",
    ""paywall "": true,
    ""coverageLevel"": ""Nacional"",
    ""author"": ""Elizabeth R\u00edos""
}"
123,1,1,1,29/10/2021,"{
    ""name"": ""Informador MX"",
    ""headline"": ""A tres d\u00edas del cierre de Laureles, pepenadores exigen soluciones"",
    ""url"": ""https://www.informador.mx/jalisco/A-3-dias-del-cierre-de-Laureles-pepenadores-exigen-soluciones-20211029-0038.html"",
    ""paywall "": true,
    ""coverageLevel"": ""Estatal"",
    ""author"": ""Redacci\u00f3n""
}"
124,1,1,1,29/10/2021,"{
    ""name"": ""Cabecera"",
    ""headline"": ""El 31 de octubre cierra el relleno sanitario Los Laureles"",
    ""url"": ""https://www.cabecera.mx/el-31-de-octubre-cierra-el-relleno-sanitario-los-laureles/#.ZECOOnZBzIU"",
    ""paywall "": true,
    ""coverageLevel"": ""Estatal"",
    ""author"": ""Redacci\u00f3n""
}"
125,1,1,1,30/10/2024,"{
    ""name"": ""La Cascada"",
    ""headline"": ""Adi\u00f3s al 'monstruo de la basura'. Hasta nunca, Laureles"",
    ""url"": ""https://www.cascadanoticias.com/noticias/ecologia/ecologia/adios-al-monstruo-de-la-basura-hasta-nunca-laureles"",
    ""paywall "": true,
    ""coverageLevel"": ""Local"",
    ""author"": ""Jes\u00fas Alejandro Mart\u00ednez""
}"
126,1,1,1,31/10/2021,"{
    ""name"": ""El Occidental"",
    ""headline"": ""Este 1 de Noviembre cierra el relleno Los Laureles, no hay marcha atr\u00e1s"",
    ""url"": ""https://www.eloccidental.com.mx/local/este-1-de-noviembre-cierra-el-relleno-los-laureles-no-hay-marcha-atras-7416430.html"",
    ""paywall "": true,
    ""coverageLevel"": ""Nacional"",
    ""author"": ""Rosario Bare\u00f1o""
}"
127,1,1,1,31/10/2021,"{
    ""name"": ""Nota en prensa. Jalisco"",
    ""headline"": ""ES IMPOSTERGABLE EL CIERRE DEL RELLENO LOS LAURELES"",
    ""url"": ""https://www.jalisco.gob.mx/es/prensa/noticias/135218"",
    ""paywall "": true,
    ""coverageLevel"": ""Estatal"",
    ""author"": ""Redacci\u00f3n""
}"
128,1,1,1,31/10/2021,"{
    ""name"": ""Mural"",
    ""headline"": ""Cerrar\u00e1n Laureles sin acuerdo con pepenadores"",
    ""url"": ""https://www.mural.com.mx/aplicacioneslibre/preacceso/articulo/default.aspx?__rval=1&urlredirect=https://www.mural.com.mx/cerraran-laureles-sin-acuerdo-con-pepenadores/ar2288516?referer=--7d616165662f3a3a6262623b727a7a7279703b767a783a--"",
    ""paywall "": true,
    ""coverageLevel"": ""Estatal"",
    ""author"": ""Violeta Mel\u00e9ndez""
}"
129,1,1,1,31/10/2021,"{
    ""name"": ""UdeGTV"",
    ""headline"": ""El vertedero de Los Laureles deja de recibir basura; pepenadores anuncian manifestaci\u00f3n"",
    ""url"": ""https://udgtv.com/noticias/vertedero-laureles-deja-recibir-basura-pepenadores-anuncian-manifestacion/"",
    ""paywall "": true,
    ""coverageLevel"": ""Estatal"",
    ""author"": ""Iv\u00e1n De Le\u00f3n Mel\u00e9ndrez""
}"
130,1,1,1,1/11/2021,"{
    ""name"": ""Azteca Noticias Jalisco"",
    ""headline"": ""Pepenadores caminaron 27 km para evitar el cierre de Los Laureles"",
    ""url"": ""https://www.aztecajalisco.com/azteca-noticias-jalisco/pepenadores-caminaron-27-km-vertedero-los-laureles"",
    ""paywall "": true,
    ""coverageLevel"": ""Estatal"",
    ""author"": ""Celina G\u00f3mez""
}"
131,1,1,1,1/11/2021,"{
    ""name"": ""Diario NTR"",
    ""headline"": ""Confirman cierre del tiradero Los Laureles "",
    ""url"": ""https://www.ntrguadalajara.com/post.php?id_nota=173747"",
    ""paywall "": true,
    ""coverageLevel"": ""Estatal"",
    ""author"": ""Lauro Rodr\u00edguez ""
}"
132,1,1,1,1/11/2021,"{
    ""name"": ""Informador MX"",
    ""headline"": ""El cierre del relleno sanitario de Los Laureles no tiene marcha atr\u00e1s: Lemus"",
    ""url"": ""https://www.informador.mx/jalisco/Los-Laureles-cierre-del-relleno-sanitario-no-tiene-marcha-atras-dice-Lemus-20211101-0132.html"",
    ""paywall "": true,
    ""coverageLevel"": ""Estatal"",
    ""author"": ""Rodrigo Rivas Uribe""
}"
133,1,1,1,1/11/2021,"{
    ""name"": ""Notisistema"",
    ""headline"": ""Descartan que recolecci\u00f3n de basura se afecte por protestas de pepenadores"",
    ""url"": ""https://www.notisistema.com/noticias/descartan-que-recoleccion-de-basura-se-afecte-por-protestas-de-pepenadores/"",
    ""paywall "": true,
    ""coverageLevel"": ""Estatal"",
    ""author"": ""H\u00e9ctor Escamilla Ram\u00edrez""
}"
134,1,1,1,1/11/2021,"{
    ""name"": ""Radio F\u00f3rmula"",
    ""headline"": ""Sin acuerdos con pepenadores, se cumple plazo para cierre del basurero Los Laureles"",
    ""url"": ""https://www.radioformula.com.mx/guadalajara/2021/11/1/sin-acuerdos-con-pepenadores-se-cumple-plazo-para-cierre-del-basurero-los-laureles-572704.html"",
    ""paywall "": true,
    ""coverageLevel"": ""Estatal"",
    ""author"": ""Ileana Rodr\u00edguez""
}"
135,1,1,1,1/11/2021,"{
    ""name"": ""Mural"",
    ""headline"": ""Si no entra basura, no comemos.-Pepenadores"",
    ""url"": ""https://www.mural.com.mx/aplicacioneslibre/preacceso/articulo/default.aspx?__rval=1&urlredirect=/si-no-entra-basura-no-comemos-pepenadores/ar2289047"",
    ""paywall "": true,
    ""coverageLevel"": ""Local"",
    ""author"": ""Violeta Mel\u00e9ndez""
}"
136,1,1,1,2/11/2021,"{
    ""name"": ""El Occidental"",
    ""headline"": ""Autoridades y pepenadores llegan a acuerdos tras el cierre de Laureles"",
    ""url"": ""https://www.eloccidental.com.mx/local/autoridades-y-pepenadores-llegan-a-acuerdos-tras-el-cierre-de-laureles-7427273.html"",
    ""paywall "": true,
    ""coverageLevel"": ""Local"",
    ""author"": ""V\u00edctor Ram\u00edrez""
}"
137,1,1,1,2/11/2021,"{
    ""name"": ""UdeGTV"",
    ""headline"": ""Pega cierre de Los Laureles a mil 500 familias que viv\u00edan del vertedero"",
    ""url"": ""https://udgtv.com/noticias/cierre-los-laureles/"",
    ""paywall "": true,
    ""coverageLevel"": ""Local"",
    ""author"": ""Henry Salda\u00f1a""
}"
138,1,1,1,2/11/2021,"{
    ""name"": ""Milenio"",
    ""headline"": ""En Ixtlahuac\u00e1n de los Membrillos se oponen a recibir basura del \u00c1rea Metropolitana"",
    ""url"": ""https://www.milenio.com/politica/comunidad/ixtlahuacan-pobladores-oponen-recibir-basura-amg"",
    ""paywall "": true,
    ""coverageLevel"": ""Local"",
    ""author"": ""Rosario \u00c1lvarez""
}"
139,1,1,1,2/11/2021,"{
    ""name"": ""Publimetro"",
    ""headline"": ""Basura genera nuevo conflicto en Guadalajara: ahora no quieren desechos ajenos en Ixtlahuac\u00e1n"",
    ""url"": ""https://www.publimetro.com.mx/jalisco/2021/11/02/basura-genera-nuevo-conflicto-en-guadalajara-ahora-no-quieren-desechos-ajenos-en-ixtlahuacan/"",
    ""paywall "": true,
    ""coverageLevel"": ""Estatal"",
    ""author"": ""H\u00e9ctor Escamilla Ram\u00edrez""
}"
140,1,1,1,2/11/2021,"{
    ""name"": ""Mural"",
    ""headline"": ""Ofrece Guadalajara apoyo a pepenadores"",
    ""url"": ""https://www.mural.com.mx/aplicacioneslibre/preacceso/articulo/default.aspx?__rval=1&urlredirect=/ofrece-guadalajara-apoyo-a-pepenadores/ar2289790?v=2"",
    ""paywall "": true,
    ""coverageLevel"": ""Local"",
    ""author"": ""Fernanda Carapia""
}"
141,1,1,1,2/11/2021,"{
    ""name"": ""Mural"",
    ""headline"": ""Consiguen acuerdo con pepenadores"",
    ""url"": ""https://www.mural.com.mx/aplicacioneslibre/preacceso/articulo/default.aspx?__rval=1&urlredirect=/consiguen-acuerdo-con-pepenadores/ar2289798"",
    ""paywall "": true,
    ""coverageLevel"": ""Local"",
    ""author"": ""Violeta Mel\u00e9ndez""
}"
142,1,1,1,3/11/2021,"{
    ""name"": ""Mural"",
    ""headline"": ""Correspond\u00eda a Caabsa acuerdos con pepenadores"",
    ""url"": ""https://www.mural.com.mx/aplicacioneslibre/preacceso/articulo/default.aspx?__rval=1&urlredirect=/correspondia-a-caabsa-acuerdos-con-pepenadores/ar2290480"",
    ""paywall "": true,
    ""coverageLevel"": ""Local"",
    ""author"": ""Violeta Mel\u00e9ndez""
}"
143,1,1,1,3/11/2021,"{
    ""name"": ""Tr\u00e1fico ZMG"",
    ""headline"": ""Pepenadores tendr\u00e1n ingreso al relleno sanitario de Picachos"",
    ""url"": ""https://traficozmg.com/2021/11/pepenadores-tendran-ingreso-al-relleno-sanitario-de-picachos/"",
    ""paywall "": true,
    ""coverageLevel"": ""Estatal"",
    ""author"": ""Redacci\u00f3n""
}"
144,1,1,1,3/11/2021,"{
    ""name"": ""El Occidental"",
    ""headline"": ""La Procuradur\u00eda Agraria quiere frenar venta de terrenos en la Laguna de Cajititl\u00e1n\n"",
    ""url"": ""https://labcsa.org/2021/11/03/la-procuraduria-agraria-quiere-frenar-venta-de-terrenos-en-la-laguna-de-cajititlan/"",
    ""paywall "": true,
    ""coverageLevel"": ""Local"",
    ""author"": ""V\u00edctor Ch\u00e1vez""
}"
145,1,1,1,4/11/2021,"{
    ""name"": ""Informador MX"",
    ""headline"": ""Pepena deja ingresos por 38.3 MDP al a\u00f1o en vertedero de Laureles"",
    ""url"": ""https://www.informador.mx/Pepena-deja-ingresos-por-38.3-MDP-al-ano-en-vertedero-de-Laureles-l202111040001.html"",
    ""paywall "": true,
    ""coverageLevel"": ""Estatal"",
    ""author"": ""Redacci\u00f3n""
}"
146,1,1,1,4/11/2021,"{
    ""name"": ""El Economista"",
    ""headline"": ""Empresarios y gobierno de Jalisco crean Alianza por el Clima"",
    ""url"": ""https://www.eleconomista.com.mx/estados/Empresarios-y-gobierno-de-Jalisco-crean-Alianza-por-el-Clima-20211103-0075.html"",
    ""paywall "": true,
    ""coverageLevel"": ""Estatal"",
    ""author"": ""Patricia Romo""
}"
147,1,1,1,7/10/2021,"{
    ""name"": ""Telediario"",
    ""headline"": ""Picachos recibe mil toneladas y media diarias de basura de Guadalajara"",
    ""url"": ""https://www.telediario.mx/local/picachos-recibe-mil-toneladas-y-media-diarias-de-basura-de-guadalajara"",
    ""paywall "": true,
    ""coverageLevel"": ""Nacional"",
    ""author"": ""Redacci\u00f3n""
}"
148,1,1,1,7/11/2021,"{
    ""name"": ""Milenio"",
    ""headline"": ""Picachos recibe ya m\u00e1s de una tonelada de residuos de Guadalajara"",
    ""url"": ""https://www.milenio.com/politica/comunidad/picachos-recibe-ya-mas-de-una-tonelada-de-residuos-de-guadalajara"",
    ""paywall "": true,
    ""coverageLevel"": ""Local"",
    ""author"": ""Rosario \u00c1lvarez""
}"
149,1,1,1,7/11/2021,"{
    ""name"": ""UdeGTV"",
    ""headline"": ""Rechazan habitantes de Tlajomulco sede de nuevo basurero metropolitano"",
    ""url"": ""https://udgtv.com/noticias/jalisco/rechazan-habitantes-tlajomulco-nuevo-basurero-metropolitano/"",
    ""paywall "": true,
    ""coverageLevel"": ""Local"",
    ""author"": ""Jade Ram\u00edrez Cuevas Villanueva""
}"
150,1,1,1,8/11/2021,"{
    ""name"": ""El Financiero"",
    ""headline"": ""ONU pone de ejemplo a Jalisco por acci\u00f3n para combatir el calentamiento global"",
    ""url"": ""https://www.elfinanciero.com.mx/estados/2021/11/08/onu-pone-de-ejemplo-a-jalisco-por-accion-para-combatir-el-calentamiento-global/"",
    ""paywall "": true,
    ""coverageLevel"": ""Nacional"",
    ""author"": ""Redacci\u00f3n""
}"
151,1,1,1,9/11/2021,"{
    ""name"": ""La Cascada"",
    ""headline"": ""El Salto y Tonal\u00e1 unir\u00e1n esfuerzos para habilitar un centro de transferencia de residuos"",
    ""url"": ""https://www.cascadanoticias.com/noticias/locales/el-salto/el-salto-y-tonala-uniran-esfuerzos-para-habilitar-un-centro-de-transferencia-de-residuos"",
    ""paywall "": true,
    ""coverageLevel"": ""Local"",
    ""author"": ""Redacci\u00f3n""
}"
152,1,1,1,12/11/2021,"{
    ""name"": ""Ojarasca (La Jornada)"",
    ""headline"": ""Basura y Colonialismo Interno"",
    ""url"": ""https://ojarasca.jornada.com.mx/2021/11/12/basura-y-colonialismo-interno-8525.html"",
    ""paywall "": true,
    ""coverageLevel"": ""Local"",
    ""author"": ""Jaime Torres Guill\u00e9n""
}"
153,1,1,1,22/11/2020,"{
    ""name"": ""Publimetro"",
    ""headline"": ""Basureros mal manejados en Jalisco ya causan problemas a pobladores de tres municipios"",
    ""url"": ""https://www.publimetro.com.mx/jalisco/2021/11/22/basureros-mal-manejados-en-jalisco-ya-causan-problemas-a-pobladores-de-tres-municipios/"",
    ""paywall "": true,
    ""coverageLevel"": ""Local"",
    ""author"": ""H\u00e9ctor Escamilla Ram\u00edrez""
}"
154,1,1,1,22/11/2021,"{
    ""name"": ""Notisistema"",
    ""headline"": ""Denuncian al menos 11 basureros en regi\u00f3n Valles que operan fuera de norma"",
    ""url"": ""https://www.notisistema.com/noticias/denuncian-al-menos-11-basureros-en-region-valles-que-operan-fuera-de-norma/"",
    ""paywall "": true,
    ""coverageLevel"": ""Estatal"",
    ""author"": ""H\u00e9ctor Escamilla Ram\u00edrez""
}"
155,1,1,1,22/11/2021,"{
    ""name"": ""Noticias Valle de M\u00e9xico"",
    ""headline"": ""Advierten da\u00f1o irreversible al medio ambiente por tiraderos clandestinos en valles de Jalisco"",
    ""url"": ""https://noticiasvalledemexico.com.mx/advierten-dano-irreversible-al-medio-ambiente-por-tiraderos-clandestinos-en-valles-de-jalisco-e3TU4OTU3NA.html"",
    ""paywall "": true,
    ""coverageLevel"": ""Nacional"",
    ""author"": ""V\u00edctor Galindo""
}"
156,1,1,1,23/11/2021,"{
    ""name"": ""P\u00e1gina 24"",
    ""headline"": ""Vertedero privado es \u201cserio problema\u201d en la regi\u00f3n Valles"",
    ""url"": ""https://pagina24jalisco.com.mx/2021/11/23/local/vertedero-privado-es-serio-problema-en-la-region-valles/"",
    ""paywall "": true,
    ""coverageLevel"": ""Local"",
    ""author"": ""Rafael Hern\u00e1ndez Gu\u00edzar""
}"
157,1,1,1,23/11/2021,"{
    ""name"": ""El Occidental"",
    ""headline"": ""Recolecci\u00f3n de basura, entre los servicios mejor evaluados por ciudadanos"",
    ""url"": ""https://www.eloccidental.com.mx/local/noticias-recoleccion-de-basura-entre-los-servicios-mejor-evaluados-por-ciudadanos-7514152.html"",
    ""paywall "": true,
    ""coverageLevel"": ""Local"",
    ""author"": ""Anselmo Gonz\u00e1lez""
}"
158,1,1,1,23/11/2021,"{
    ""name"": ""Efecto Ezpiral"",
    ""headline"": ""Tiraderos clandestinos en regi\u00f3n Valles de Jalisco causan da\u00f1o irreversible al medio ambiente"",
    ""url"": ""https://efectoezpiral.com/2021/11/23/tiraderos-clandestinos-en-region-valles-de-jalisco-causan-dano-irreversible-al-medio-ambiente/"",
    ""paywall "": true,
    ""coverageLevel"": ""Local"",
    ""author"": ""Juana Mar\u00eda Ram\u00edrez""
}"
159,1,1,1,24/11/2021,"{
    ""name"": ""Informador MX"",
    ""headline"": ""Ampl\u00edan basurero irregular junto al bosque La Primavera"",
    ""url"": ""https://www.informador.mx/jalisco/Amplian-basurero-irregular-junto-al-bosque-La-Primavera-20211124-0039.html"",
    ""paywall "": true,
    ""coverageLevel"": ""Estatal"",
    ""author"": ""Redacci\u00f3n""
}"
160,1,1,1,25/11/2022,"{
    ""name"": ""El Occidental"",
    ""headline"": ""Tonal\u00e1 rastrear\u00e1 camiones de Caabsa Eagle v\u00eda GPS para verificar que recolecten basura"",
    ""url"": ""https://www.eloccidental.com.mx/local/noticias-recoleccion-de-basura-en-tonala-7522358.html"",
    ""paywall "": true,
    ""coverageLevel"": ""Local"",
    ""author"": ""V\u00edctor Ch\u00e1vez""
}"
161,1,1,1,25/11/2021,"{
    ""name"": ""UdeGTV"",
    ""headline"": ""Ahora es Tonal\u00e1 quien le pone un ultim\u00e1tum a CAABSA: Recoge la basura a tiempo o se va\u2026"",
    ""url"": ""https://udgtv.com/noticias/tonala-pone-ultimatum-caabsa-recoge-basura-a-tiempo-o-se-va/"",
    ""paywall "": true,
    ""coverageLevel"": ""Local"",
    ""author"": ""V\u00edctor Ch\u00e1vez Ogaz\u00f3n""
}"
162,1,1,1,26/11/2021,"{
    ""name"": ""imeplan"",
    ""headline"": ""FINANCIAR\u00c1 UNI\u00d3N EUROPEA AL AMG PARA COLABORAR CON \u00c1REA METROPOLITANA DE BARCELONA EN RESILIENCIA URBANA Y GESTI\u00d3N DE LOS RESIDUOS."",
    ""url"": ""https://www.imeplan.mx/2021/11/26/financiara-union-europea-al-amg-para-colaborar-con-area-metropolitana-de-barcelona-en-resiliencia-urbana-y-gestion-de-los-residuos/"",
    ""paywall "": true,
    ""coverageLevel"": ""Estatal"",
    ""author"": ""Redacci\u00f3n""
}"
163,1,1,1,26/11/2021,"{
    ""name"": ""UdeGTV"",
    ""headline"": ""Pese a incumplir con regulaci\u00f3n ambiental, basurero de Huaxtla seguir\u00e1 en operaci\u00f3n: Semadet"",
    ""url"": ""https://udgtv.com/noticias/incumplir-regulacion-ambiental-basurero-huaxtla-seguira-operacion-semadet/"",
    ""paywall "": true,
    ""coverageLevel"": ""Local"",
    ""author"": ""Fatima Aguilar""
}"
164,1,1,1,4/12/2021,"{
    ""name"": ""Mural"",
    ""headline"": ""Tonal\u00e1 pondr\u00e1 a prueba a Caabsa"",
    ""url"": ""https://www.mural.com.mx/aplicacioneslibre/preacceso/articulo/default.aspx?__rval=1&urlredirect=/tonala-pondra-a-prueba-a-caabsa/ar2309536"",
    ""paywall "": true,
    ""coverageLevel"": ""Local"",
    ""author"": ""Mariana Quintero""
}"
165,1,1,1,6/12/2021,"{
    ""name"": ""Mural"",
    ""headline"": ""Seguir\u00e1 tiradero en irregularidad"",
    ""url"": ""https://www.mural.com.mx/aplicacioneslibre/preacceso/articulo/default.aspx?__rval=1&urlredirect=/seguira-tiradero-en-irregularidad/ar2310110"",
    ""paywall "": true,
    ""coverageLevel"": ""Local"",
    ""author"": ""Violeta Mel\u00e9ndez""
}"
166,1,1,1,7/12/2021,"{
    ""name"": ""Mural"",
    ""headline"": ""Olvidan plantas de transferencia de residuos en Zapopan"",
    ""url"": ""https://www.mural.com.mx/aplicacioneslibre/preacceso/articulo/default.aspx?__rval=1&urlredirect=/olvidan-plantas-de-transferencia-de-residuos-en-zapopan/ar2310723"",
    ""paywall "": true,
    ""coverageLevel"": ""Local"",
    ""author"": ""Violeta Mel\u00e9ndez""
}"
167,1,1,1,11/12/2021,"{
    ""name"": ""L\u00cdDER INFORMATIVO 91.9"",
    ""headline"": ""Reactiva CAABSA el basurero de Matatl\u00e1n, en Tonal\u00e1, a pesar de no tener autorizaci\u00f3n ambiental"",
    ""url"": ""https://labcsa.org/2021/12/11/reactiva-caabsa-el-basurero-de-matatlan-en-tonala-a-pesar-de-no-tener-autorizacion-ambiental/"",
    ""paywall "": true,
    ""coverageLevel"": ""Estatal"",
    ""author"": ""Jos\u00e9 Carlos Rodr\u00edguez Toral""
}"
168,1,1,1,12/12/2021,"{
    ""name"": ""Mural"",
    ""headline"": ""Exigen cerrar basurero de Matatl\u00e1n"",
    ""url"": ""https://www.mural.com.mx/aplicacioneslibre/preacceso/articulo/default.aspx?__rval=1&urlredirect=/exigen-cerrar-basurero-de-matatlan/ar2314514"",
    ""paywall "": true,
    ""coverageLevel"": ""Local"",
    ""author"": ""Violeta Mel\u00e9ndez""
}"
169,1,1,1,12/12/2021,"{
    ""name"": ""Meganoticias "",
    ""headline"": ""Tonal\u00e1 amenaza a Caabsa con clausurar el basurero de Matatl\u00e1n"",
    ""url"": ""https://www.meganoticias.mx/guadalajara/noticia/tonala-amenaza-a-caabsa-con-clausurar-el-basurero-de-matatlan/293265"",
    ""paywall "": true,
    ""coverageLevel"": ""Local"",
    ""author"": ""Jos\u00e9 Carlos Rodr\u00edguez Toral""
}"
170,1,1,1,13/12/2021,"{
    ""name"": ""Meganoticias "",
    ""headline"": ""Vecinos tonaltecas rechazan el basurero de Matatl\u00e1n operado por Caabsa"",
    ""url"": ""https://www.meganoticias.mx/guadalajara/noticia/vecinos-tonaltecas-rechazan-el-basurero-de-matatlan-operado-por-caabsa/292963"",
    ""paywall "": true,
    ""coverageLevel"": ""Local"",
    ""author"": ""Jos\u00e9 Carlos Rodr\u00edguez Toral""
}"
171,1,1,1,14/12/2021,"{
    ""name"": ""Mural"",
    ""headline"": ""Da Tonal\u00e1 8 d\u00edas a Caabsa para quitar basura de Matatl\u00e1n"",
    ""url"": ""https://www.mural.com.mx/aplicacioneslibre/preacceso/articulo/default.aspx?__rval=1&urlredirect=https://www.mural.com.mx/da-tonala-8-dias-a-caabsa-para-quitar-basura-de-matatlan/ar2315708?referer=--7d616165662f3a3a6262623b727a7a7279703b767a783a--"",
    ""paywall "": true,
    ""coverageLevel"": ""Local"",
    ""author"": ""Violeta Mel\u00e9ndez""
}"
172,1,1,1,16/12/2022,"{
    ""name"": ""Azteca Noticias Jalisco"",
    ""headline"": ""De vertedero a centro de transferencia en Matatl\u00e1n"",
    ""url"": ""https://www.aztecajalisco.com/azteca-jalisco/de-vertedero-a-centro-de-transferencia-en-matatlan"",
    ""paywall "": true,
    ""coverageLevel"": ""Estatal"",
    ""author"": ""Celina G\u00f3mez""
}"
173,1,1,1,23/12/2021,"{
    ""name"": ""Ent\u00e9rate Tonal\u00e1"",
    ""headline"": ""Retos Ambientales para Tonal\u00e1 2022"",
    ""url"": ""https://enteratetonala.com/2021/12/23/retos-ambientales-para-tonala-2022/"",
    ""paywall "": true,
    ""coverageLevel"": ""Local"",
    ""author"": ""Tito Tastuan""
}"
174,1,1,1,28/12/2021,"{
    ""name"": ""El Informador"",
    ""headline"": ""Operan en norma s\u00f3lo 1 de cada 5 basureros"",
    ""url"": ""https://www.informador.mx/Operan-en-norma-solo-1-de-cada-5-basureros-l202112280001.html"",
    ""paywall "": true,
    ""coverageLevel"": ""Estatal"",
    ""author"": ""Redacci\u00f3n""
}"
175,1,1,1,29/12/2022,"{
    ""name"": ""Meganoticias "",
    ""headline"": ""Incendio en basurero de Magdalena"",
    ""url"": ""https://www.meganoticias.mx/guadalajara/noticia/incendio-en-basurero-de-magdalena-contamina-la-region-valles/296342"",
    ""paywall "": true,
    ""coverageLevel"": ""Local"",
    ""author"": ""Jos\u00e9 Carlos Rodr\u00edguez Toral""
}"
176,1,1,1,04/01/2022,"{
    ""name"": ""44 Noticias"",
    ""headline"": ""Crisis de basura se agrava en vertedero de Matatl\u00e1n; Tonal\u00e1 lanza segunda advertencia a Caabsa Eagle"",
    ""url"": ""https://www.google.com.mx/url?sa=t&rct=j&q=&esrc=s&source=newssearch&cd=&ved=2ahUKEwiz7JvDt4n_AhUVkWoFHUCvBNIQxfQBKAB6BAgPEAE&url=https%3A%2F%2Fudgtv.com%2Fnoticias%2Fcrisis-basura-agrava-vertedero-matatlan-tonala-advertencia-caabsa-eagle%2F&usg=AOvVaw0kAO01zLty94FHKiIo9Rk2"",
    ""paywall "": true,
    ""coverageLevel"": ""Estatal"",
    ""author"": ""Victor Ch\u00e1vez Ogaz\u00f3n""
}"
177,1,1,1,09/01/2022,"{
    ""name"": ""El occidental"",
    ""headline"": ""Estado dispuesto a intervenir tras irregularidades de Caabsa en Matatl\u00e1n: Alfaro"",
    ""url"": ""https://www.google.com.mx/url?sa=t&rct=j&q=&esrc=s&source=newssearch&cd=&ved=2ahUKEwiz7JvDt4n_AhUVkWoFHUCvBNIQxfQBKAB6BAgNEAE&url=https%3A%2F%2Fwww.eloccidental.com.mx%2Flocal%2Festado-dispuesto-a-intervenir-tras-irregularidades-de-caabsa-en-matatlan-alfaro-7707806.html&usg=AOvVaw1fQqjLmdb-2LF-vsoeLsND"",
    ""paywall "": true,
    ""coverageLevel"": ""Estatal"",
    ""author"": ""Elizabeth R\u00edos""
}"
178,1,1,1,10/01/2022,"{
    ""name"": ""Mural"",
    ""headline"": ""Incumplen con clausura en vertedero de Matatl\u00e1n"",
    ""url"": ""https://www.google.com.mx/url?sa=t&rct=j&q=&esrc=s&source=newssearch&cd=&ved=2ahUKEwjF28i1jMP-AhVvh-4BHfOCAe0QxfQBKAB6BAgWEAE&url=https%3A%2F%2Fwww.mural.com.mx%2Fincumplen-con-clausura-en-vertedero-de-matatlan%2Far2328265&usg=AOvVaw20m5eht_QB25yI68PuWaOv"",
    ""paywall "": true,
    ""coverageLevel"": ""Estatal"",
    ""author"": ""Violeta Mel\u00e9ndez""
}"
179,1,1,1,11/01/2022,"{
    ""name"": ""44 Noticias"",
    ""headline"": ""Tras \u201cdeclarar la guerra\u201d a Caabsa, Tonal\u00e1 aplica la primera infracci\u00f3n a la empresa"",
    ""url"": ""https://www.google.com.mx/url?sa=t&rct=j&q=&esrc=s&source=newssearch&cd=&ved=2ahUKEwiz7JvDt4n_AhUVkWoFHUCvBNIQxfQBKAB6BAgZEAE&url=https%3A%2F%2Fudgtv.com%2Fnoticias%2Ftras-declarar-guerra-caabsa-tonala-aplica-la-primera-infraccion-empresa%2F&usg=AOvVaw0FQsN8rE19NhwJj0xIDYNo"",
    ""paywall "": true,
    ""coverageLevel"": ""Estatal"",
    ""author"": ""Victor Ch\u00e1vez Ogaz\u00f3n""
}"
180,1,1,1,20/01/22,"{
    ""name"": ""Publimetro"",
    ""headline"": ""Ayuntamiento de Tonal\u00e1 gana por el momento; logran que empresa inicie cierre de basurero clandestino"",
    ""url"": ""https://www.google.com.mx/url?sa=t&rct=j&q=&esrc=s&source=newssearch&cd=&ved=2ahUKEwjLisPLjcP-AhUlJUQIHWbBBiY4ChDF9AEoAHoECAcQAQ&url=https%3A%2F%2Fwww.publimetro.com.mx%2Fjalisco%2F2022%2F01%2F21%2Fbasurero-clandestino-en-tonala-si-cerrara-sus-puertas-ante-danos-ambientales-que-causo%2F&usg=AOvVaw1m3SF6zEmGNcUzUVjmdu6u"",
    ""paywall "": true,
    ""coverageLevel"": ""Estatal"",
    ""author"": ""H\u00e9ctor Escamilla""
}"
181,1,1,1,24/01/2022,"{
    ""name"": ""Mural"",
    ""headline"": ""Cerr\u00f3 Laureles, \u00bfy ahora a d\u00f3nde ir\u00e1 la basura?"",
    ""url"": ""https://www.mural.com.mx/aplicacioneslibre/preacceso/articulo/default.aspx?__rval=1&urlredirect=https://www.mural.com.mx/cerro-laureles-y-ahora-a-donde-ira-la-basura/ar2336606?referer=--7d616165662f3a3a6262623b727a7a7279703b767a783b786d3a--"",
    ""paywall "": true,
    ""coverageLevel"": ""Estatal"",
    ""author"": ""Violeta Melendez""
}"
182,1,1,1,24/01/2022,"{
    ""name"": ""Mural"",
    ""headline"": ""Basura, principal queja ambiental en Jalisco"",
    ""url"": ""https://www.google.com.mx/url?sa=t&rct=j&q=&esrc=s&source=newssearch&cd=&ved=2ahUKEwjF28i1jMP-AhVvh-4BHfOCAe0QxfQBKAB6BAgNEAE&url=https%3A%2F%2Fwww.mural.com.mx%2Fbasura-principal-queja-ambiental-en-jalisco%2Far2336703&usg=AOvVaw0Qjz_AqCWAcGeSkR4J_Spk"",
    ""paywall "": true,
    ""coverageLevel"": ""Estatal"",
    ""author"": ""Violeta Melendez""
}"
183,1,1,1,24/01/2022,"{
    ""name"": ""Telediario"",
    ""headline"": ""Camiones de basura siguen depositando desechos en vertedero de Matatl\u00e1n"",
    ""url"": ""https://www.google.com.mx/url?sa=t&rct=j&q=&esrc=s&source=newssearch&cd=&ved=2ahUKEwiz7JvDt4n_AhUVkWoFHUCvBNIQxfQBKAB6BAgLEAE&url=https%3A%2F%2Fwww.telediario.mx%2Fcomunidad%2Fvertedero-matatlan-camiones-basura-siguen-depositando-desechos&usg=AOvVaw0CHp3C7UDjHhILTWXaJPcU"",
    ""paywall "": true,
    ""coverageLevel"": ""Local"",
    ""author"": ""Roberto Carson""
}"
184,1,1,1,30/01/2022,"{
    ""name"": ""44 Noticias"",
    ""headline"": ""Caabsa inicia el retiro de basura de Matatl\u00e1n; Tonal\u00e1 suspende sanciones"",
    ""url"": ""https://www.google.com.mx/url?sa=t&rct=j&q=&esrc=s&source=newssearch&cd=&ved=2ahUKEwiz7JvDt4n_AhUVkWoFHUCvBNIQxfQBKAB6BAgbEAE&url=https%3A%2F%2Fudgtv.com%2Fnoticias%2Fcaabsa-inicia-retiro-basura-matatlan-tonala-suspende-sanciones%2F&usg=AOvVaw3Xf3Cpq_kLLe452rZd8Rc-"",
    ""paywall "": true,
    ""coverageLevel"": ""Estatal"",
    ""author"": ""Henry Salda\u00f1a""
}"
185,1,1,1,04/02/2022,"{
    ""name"": ""La silla rota"",
    ""headline"": ""\u00bfQui\u00e9n fue Ver\u00f3nica Guerrero, abogada asesinada en Jalisco?"",
    ""url"": ""https://www.google.com.mx/url?sa=t&rct=j&q=&esrc=s&source=newssearch&cd=&ved=2ahUKEwjb_KjvwYn_AhUFlmoFHb4LBdEQxfQBKAB6BAgOEAE&url=https%3A%2F%2Flasillarota.com%2Festados%2F2022%2F2%2F4%2Fquien-fue-veronica-guerrero-abogada-asesinada-en-jalisco-317419.html&usg=AOvVaw1tVnipT_Mn8dNzeB1oh_oQ"",
    ""paywall "": true,
    ""coverageLevel"": ""Estatal"",
    ""author"": ""DJH""
}"
186,1,1,1,05/02/2022,"{
    ""name"": ""El occidental"",
    ""headline"": ""Caabsa se deslinda de la muerte de la abogada Ver\u00f3nica Patricia"",
    ""url"": ""https://www.google.com.mx/url?sa=t&rct=j&q=&esrc=s&source=newssearch&cd=&ved=2ahUKEwiz7JvDt4n_AhUVkWoFHUCvBNIQxfQBKAB6BAgSEAE&url=https%3A%2F%2Fwww.eloccidental.com.mx%2Fpoliciaca%2Fcaabsa-se-deslinda-de-la-muerte-de-la-abogada-veronica-patricia-7825925.html&usg=AOvVaw1OlGuxolgRFBRqQXWMQCwi"",
    ""paywall "": true,
    ""coverageLevel"": ""Estatal"",
    ""author"": ""Rom\u00e1n Ortega""
}"
187,1,1,1,06/02/2022,"{
    ""name"": ""ZonaDocs"",
    ""headline"": ""Asesinato de abogada Ver\u00f3nica Guerrero en Tonal\u00e1 demuestra el clima de hostilidad hacia el trabajo de defensa de derechos medioambientales en Jalisco"",
    ""url"": ""https://www.google.com.mx/url?sa=t&rct=j&q=&esrc=s&source=newssearch&cd=&ved=2ahUKEwjF28i1jMP-AhVvh-4BHfOCAe0QxfQBKAB6BAgJEAE&url=https%3A%2F%2Fwww.zonadocs.mx%2F2022%2F02%2F06%2Fasesinato-de-abogada-veronica-guerrero-en-tonala-demuestra-el-clima-de-hostilidad-hacia-el-trabajo-de-defensa-de-derechos-medioambientales-en-jalisco%2F&usg=AOvVaw3eN6u3G0tBPpj3flbjzEGL"",
    ""paywall "": true,
    ""coverageLevel"": ""Estatal"",
    ""author"": ""Dalia Souza""
}"
188,1,1,1,07/02/2022,"{
    ""name"": ""Las protagonistas"",
    ""headline"": ""Asesinan a la defensora ambientalista Ver\u00f3nica Guerrero en Jalisco"",
    ""url"": ""https://www.google.com.mx/url?sa=t&rct=j&q=&esrc=s&source=newssearch&cd=&ved=2ahUKEwjZ9KrKwon_AhV-nGoFHVVfAUgQxfQBKAB6BAgaEAE&url=https%3A%2F%2Fbillieparkernoticias.com%2Fasesinan-a-la-defensora-ambientalista-veronica-guerrero-en-jalisco%2F&usg=AOvVaw3S6bie8UcBtWCULz0YOLwW"",
    ""paywall "": true,
    ""coverageLevel"": ""Nacional"",
    ""author"": null
}"
189,1,1,1,08/02/2022,"{
    ""name"": ""La Opini\u00f3n"",
    ""headline"": ""Sicarios persiguen y matan a abogada cuando iba en su lujoso Mercedes Benz"",
    ""url"": ""https://www.google.com.mx/url?sa=t&rct=j&q=&esrc=s&source=newssearch&cd=&ved=2ahUKEwilmKfNuIn_AhWnk2oFHTM9BZg4ChDF9AEoAHoECAgQAQ&url=https%3A%2F%2Flaopinion.com%2F2022%2F02%2F08%2Fsicarios-persiguen-y-matan-a-abogada-cuando-iba-en-su-lujoso-mercedes-benz%2F&usg=AOvVaw1iJ0uluJEQFZG14Stgy8H0"",
    ""paywall "": true,
    ""coverageLevel"": ""Local"",
    ""author"": null
}"
190,1,1,1,09/02/2022,"{
    ""name"": ""El occidental"",
    ""headline"": ""Asesinato de abogada en Tonal\u00e1 est\u00e1 relacionado con sus actividades como profesionista"",
    ""url"": ""https://www.google.com.mx/url?sa=t&rct=j&q=&esrc=s&source=newssearch&cd=&ved=2ahUKEwjb_KjvwYn_AhUFlmoFHb4LBdEQxfQBKAB6BAgLEAE&url=https%3A%2F%2Fwww.eloccidental.com.mx%2Fpoliciaca%2Fasesinato-de-abogada-en-tonala-esta-relacionado-con-sus-actividades-como-profesionista-7843072.html&usg=AOvVaw0WEzsUylDk1eUbZLGCBudL"",
    ""paywall "": true,
    ""coverageLevel"": ""Estatal"",
    ""author"": ""Rom\u00e1n Ortega""
}"
191,1,1,1,14/02/2022,"{
    ""name"": ""Informador MX"",
    ""headline"": ""Enfermos de El Salto piden apoyo para tratamientos"",
    ""url"": ""https://www.google.com.mx/url?sa=t&rct=j&q=&esrc=s&source=newssearch&cd=&ved=2ahUKEwjLisPLjcP-AhUlJUQIHWbBBiY4ChDF9AEoAHoECBMQAQ&url=https%3A%2F%2Fwww.informador.mx%2FEnfermos-renales-de-El-Salto-piden-apoyo-para-tratamientos-l202202140001.html&usg=AOvVaw29Edn7MyQmYCPvS9EDLDiC"",
    ""paywall "": true,
    ""coverageLevel"": ""Nacional"",
    ""author"": null
}"
192,1,1,1,16/02/2022,"{
    ""name"": ""WRadio"",
    ""headline"": ""Nueva planta de transferencia recibir\u00e1 60% de la basura de Gdl"",
    ""url"": ""https://www.google.com.mx/url?sa=t&rct=j&q=&esrc=s&source=newssearch&cd=&ved=2ahUKEwjF28i1jMP-AhVvh-4BHfOCAe0QxfQBKAB6BAgLEAE&url=https%3A%2F%2Fwradio.com.mx%2Femisora%2F2022%2F02%2F16%2Fguadalajara%2F1644982098_330946.html&usg=AOvVaw1G86M_PIvcTt4TYm_51Flr"",
    ""paywall "": true,
    ""coverageLevel"": ""Estatal"",
    ""author"": null
}"
193,1,1,1,16/02/2022,"{
    ""name"": ""Informador MX"",
    ""headline"": ""Seguridad en Jalisco: Fiscal\u00eda descarta que el asesinato de abogada en Tonal\u00e1 haya sido por activismo"",
    ""url"": ""https://www.google.com.mx/url?sa=t&rct=j&q=&esrc=s&source=newssearch&cd=&ved=2ahUKEwjF28i1jMP-AhVvh-4BHfOCAe0QxfQBKAB6BAgKEAE&url=https%3A%2F%2Fwww.informador.mx%2Fjalisco%2FSeguridad-en-Jalisco-Fiscalia-descarta-que-el-asesinato-de-abogada-en-Tonala-haya-sido-por-activismo-20220216-0122.html&usg=AOvVaw2knvsDY-lgikvFQUJBdw3B"",
    ""paywall "": true,
    ""coverageLevel"": ""Nacional"",
    ""author"": ""Ernesto Gomez""
}"
194,1,1,1,22/02/2022,"{
    ""name"": ""Mural"",
    ""headline"": ""Va 32% de basura a tiraderos ilegales en la ZMG"",
    ""url"": ""https://www.google.com.mx/url?sa=t&rct=j&q=&esrc=s&source=newssearch&cd=&ved=2ahUKEwjF28i1jMP-AhVvh-4BHfOCAe0QxfQBKAB6BAgMEAE&url=https%3A%2F%2Fwww.mural.com.mx%2Fva-32-de-basura-a-tiraderos-ilegales-en-la-zmg%2Far2353975&usg=AOvVaw1QGMt5_r-5DEdGwcjDDqPY"",
    ""paywall "": true,
    ""coverageLevel"": ""Estatal"",
    ""author"": ""Violeta Mel\u00e9ndez""
}"
195,1,1,1,23/02/2022,"{
    ""name"": ""Mural"",
    ""headline"": ""Incumplen ampliar Picachos... y se recibe el doble de basura"",
    ""url"": ""https://www.google.com.mx/url?sa=t&rct=j&q=&esrc=s&source=newssearch&cd=&ved=2ahUKEwjF28i1jMP-AhVvh-4BHfOCAe0QxfQBKAB6BAgXEAE&url=https%3A%2F%2Fwww.mural.com.mx%2Fincumplen-ampliar-picachos-y-se-recibe-el-doble-de-basura%2Far2354768&usg=AOvVaw2_SUzjQTy5Wi5w5ukhBDD4"",
    ""paywall "": true,
    ""coverageLevel"": ""Estatal"",
    ""author"": ""Violeta Mel\u00e9ndez""
}"
196,1,1,1,10/03/2022,"{
    ""name"": ""Chiapas Paralelo"",
    ""headline"": ""Defensoras comunitarias en Jalisco se unen para crear la \u201cRed Mujeres y Aguas en Movimiento\u201d"",
    ""url"": ""https://www.google.com.mx/url?sa=t&rct=j&q=&esrc=s&source=newssearch&cd=&ved=2ahUKEwjZ9KrKwon_AhV-nGoFHVVfAUgQxfQBKAB6BAgPEAE&url=https%3A%2F%2Fwww.chiapasparalelo.com%2Fnoticias%2F2022%2F03%2Fdefensoras-comunitarias-en-jalisco-se-unen-para-crear-la-red-mujeres-y-aguas-en-movimiento%2F&usg=AOvVaw0L9545ZugwQaYJWc3QQB_X"",
    ""paywall "": true,
    ""coverageLevel"": ""Nacional"",
    ""author"": ""Dalia Souza/ZonaDocs""
}"
197,1,1,1,11/03/2022,"{
    ""name"": ""44 Noticias"",
    ""headline"": ""El vertedero de Matatl\u00e1n: de basurero a Zona Arqueol\u00f3gica"",
    ""url"": ""https://www.google.com.mx/url?sa=t&rct=j&q=&esrc=s&source=newssearch&cd=&ved=2ahUKEwiz7JvDt4n_AhUVkWoFHUCvBNIQxfQBKAB6BAgIEAE&url=https%3A%2F%2Fudgtv.com%2Fnoticias%2Fvertedero-matatlan-basurero-zona-arqueologica%2F&usg=AOvVaw2U34bMtUCmrdmJR9UF2iVs"",
    ""paywall "": true,
    ""coverageLevel"": ""Estatal"",
    ""author"": ""Victor Maga\u00f1a""
}"
198,1,1,1,14/03/2022,"{
    ""name"": ""ZonaDocs"",
    ""headline"": ""La lucha por los r\u00edos es la lucha por la vida"",
    ""url"": ""https://www.google.com.mx/url?sa=t&rct=j&q=&esrc=s&source=newssearch&cd=&ved=2ahUKEwilmKfNuIn_AhWnk2oFHTM9BZg4ChDF9AEoAHoECAcQAQ&url=https%3A%2F%2Fwww.zonadocs.mx%2F2022%2F03%2F14%2Fla-lucha-por-los-rios-es-la-lucha-por-la-vida%2F&usg=AOvVaw0LQzhXEhi9nGWLg9YrvYkP"",
    ""paywall "": true,
    ""coverageLevel"": ""Estatal"",
    ""author"": ""\u00c1ngel Mendoza""
}"
199,1,1,1,15/03/2022,"{
    ""name"": ""Telediario"",
    ""headline"": ""Avanza retiro de toneladas de basura del vertedero de Matatl\u00e1n en Tonal\u00e1"",
    ""url"": ""https://www.google.com.mx/url?sa=t&rct=j&q=&esrc=s&source=newssearch&cd=&ved=2ahUKEwjF28i1jMP-AhVvh-4BHfOCAe0QxfQBKAB6BAgIEAE&url=https%3A%2F%2Fwww.telediario.mx%2Fcomunidad%2Ftonala-avanza-retiro-toneladas-basura-vertedero-matatlan&usg=AOvVaw3KxzMIlQnIIHy-PiCPs0mU"",
    ""paywall "": true,
    ""coverageLevel"": ""Local"",
    ""author"": ""Rosario \u00c1lvarez""
}"
200,1,1,1,01/12/2022,"{
    ""name"": null,
    ""headline"": ""Clausuran el basurero de Los Laureles en Tonal\u00e1 despu\u00e9s que impidieron ingreso a inspectores"",
    ""url"": null,
    ""paywall "": true,
    ""coverageLevel"": ""Estatal"",
    ""author"": ""H\u00e9ctor Escamilla""
}"
201,1,1,1,02/12/2022,"{
    ""name"": ""Mural"",
    ""headline"": ""Vecinos denuncian que siguen las irregularidades en Matatl\u00e1n"",
    ""url"": ""https://www.milenio.com/politica/comunidad/basurero-de-matatlan-sigue-con-irregularidades-pese-a-clausura"",
    ""paywall "": true,
    ""coverageLevel"": ""Local"",
    ""author"": ""Karla Victoria Rodr\u00edguez""
}"
202,1,1,1,06/06/2023,"{
    ""name"": ""El Diario NTR"",
    ""headline"": ""Cierre de Laureles apenas va en 35%"",
    ""url"": ""https://www.ntrguadalajara.com/post.php?id_nota=198788"",
    ""paywall "": true,
    ""coverageLevel"": null,
    ""author"": ""Jessica Pilar P\u00e9rez,\nAgust\u00edn del Castillo""
}"
203,1,1,1,06/06/2023,"{
    ""name"": ""El Informador"",
    ""headline"": ""Vecinos denuncian quemas sin control en basurero de Laureles"",
    ""url"": ""https://www.informador.mx/jalisco/Incendios-Vecinos-denuncian-quemas-sin-control-en-basurero-de-Laureles-20230606-0031.html"",
    ""paywall "": true,
    ""coverageLevel"": ""Estatal "",
    ""author"": ""El Informador""
}"
204,1,1,1,06/06/2023,"{
    ""name"": ""Notisistema "",
    ""headline"": ""Presentar\u00e1 Tonal\u00e1 denuncia por incendio en Laureles"",
    ""url"": ""https://www.notisistema.com/noticias/presentara-tonala-denuncia-por-incendio-en-laureles/"",
    ""paywall "": true,
    ""coverageLevel"": ""Estatal "",
    ""author"": ""Gricelda Torres Zambrano""
}"
205,1,1,1,06/06/2023,"{
    ""name"": ""El Informador"",
    ""headline"": ""Quema agr\u00edcola, motivo del incendio en Los Laureles; presentan denuncia penal"",
    ""url"": ""https://www.informador.mx/jalisco/Incendio-HOY-Quema-agricola-motivo-del-incendio-en-Los-Laureles-presentan-denuncia-penal-20230606-0088.html"",
    ""paywall "": true,
    ""coverageLevel"": ""Estatal "",
    ""author"": ""Paola Mendoza""
}"
206,1,1,1,06/06/2023,"{
    ""name"": ""24 Horas EL Diario Sin L\u00edmites"",
    ""headline"": ""Pide Alfaro a ediles el cierre de basureros tras incendio en Tonal"",
    ""url"": ""https://www.24-horas.mx/2023/06/06/pide-alfaro-a-ediles-el-cierre-de-basureros-tras-incendio-en-tonal/"",
    ""paywall "": true,
    ""coverageLevel"": ""Estatal "",
    ""author"": ""Quadratin ""
}"
207,1,1,1,06/06/2023,"{
    ""name"": ""El Informador"",
    ""headline"": ""Basura, una gesti\u00f3n en llamas"",
    ""url"": ""https://www.informador.mx/ideas/Diego-Petersen-Basura-una-gestion-en-llamas-20230606-0032.html"",
    ""paywall "": true,
    ""coverageLevel"": ""Estatal "",
    ""author"": ""Diego Petersen""
}"
208,1,1,1,06/06/2023,"{
    ""name"": ""La Jornada "",
    ""headline"": ""Alerta ambiental por conflagraci\u00f3n en Guadalajara"",
    ""url"": ""https://www.jornada.com.mx/notas/2023/06/06/estados/alerta-ambiental-por-conflagracion-en-guadalajara/"",
    ""paywall "": true,
    ""coverageLevel"": ""Nacional "",
    ""author"": ""Juan Carlos G. Partida,\n Javier Santos y \nRubicela Morelos Cruz""
}"
209,1,1,1,06/05/2023,"{
    ""name"": ""Lider Informativo"",
    ""headline"": ""Presentar\u00e1n denuncias por incendio en Los Laureles"",
    ""url"": ""https://lider919.com/presentaran-denuncias-por-incendio-en-los-laureles/"",
    ""paywall "": true,
    ""coverageLevel"": ""Estatal "",
    ""author"": ""Rodrigo Rivas Uribe""
}"
210,1,1,1,06/05/2023,"{
    ""name"": null,
    ""headline"": ""Vecinos denuncian quemas agr\u00edcolas sin control en los alrededores de Los Laureles"",
    ""url"": null,
    ""paywall "": true,
    ""coverageLevel"": null,
    ""author"": null
}"
211,1,1,1,06/05/2023,"{
    ""name"": ""La Jornada "",
    ""headline"": ""Combaten incendio en relleno sanitario de Tonal\u00e1"",
    ""url"": ""https://www.jornada.com.mx/notas/2023/06/05/estados/combaten-incendio-en-relleno-sanitario-de-tonala/"",
    ""paywall "": true,
    ""coverageLevel"": ""Estatal "",
    ""author"": ""Juan Carlos G. Partida""
}"
212,1,1,1,06/05/2023,"{
    ""name"": ""Meganoticias"",
    ""headline"": ""Reclama Lemus falta de prevenci\u00f3n de CAABSA en incendios"",
    ""url"": ""https://www.meganoticias.mx/guadalajara/noticia/reclama-lemus-falta-de-prevencion-de-caabsa-en-incendios/430241"",
    ""paywall "": true,
    ""coverageLevel"": ""Estatal "",
    ""author"": ""Karla Jim\u00e9nez""
}"
213,1,1,1,06/05/2023,"{
    ""name"": ""UDGTV"",
    ""headline"": ""Alfaro recuerda a alcaldes que es su responsabilidad la remediaci\u00f3n de la basura"",
    ""url"": ""https://udgtv.com/noticias/alfaro-recuerda-a-alcaldes-su-responsabilidad-la-remediacion-basura/"",
    ""paywall "": true,
    ""coverageLevel"": ""Estatal "",
    ""author"": ""Pablo Toledo""
}"
214,1,1,1,06/05/2023,"{
    ""name"": ""Lider Informativo"",
    ""headline"": ""Colonias afectadas por incendio en el ex vertedero de Los Laureles"",
    ""url"": ""https://lider919.com/colonias-afectadas-por-incendio-en-el-ex-vertedero-de-los-laureles/"",
    ""paywall "": true,
    ""coverageLevel"": ""Estatal "",
    ""author"": ""Haremy Reyes Garc\u00eda.\n\n""
}"
215,1,1,1,06/05/2023,"{
    ""name"": ""Partidero"",
    ""headline"": ""SIN CONTROL INCENDIO EN EL ANTIGUO RELLENO DE LAURELES"",
    ""url"": ""https://partidero.com/sin-control-incendio-en-el-antiguo-relleno-de-laureles/"",
    ""paywall "": true,
    ""coverageLevel"": ""Estatal "",
    ""author"": ""Redacci\u00f3n ""
}"
216,1,1,1,06/05/2023,"{
    ""name"": ""Lider Informativo"",
    ""headline"": ""Incendios en vertederos es responsabilidad de Caabsa Eagle: Pablo Lemus"",
    ""url"": ""https://lider919.com/incendios-en-vertederos-es-responsabilidad-de-caabsa-eagle-pablo-lemus/"",
    ""paywall "": true,
    ""coverageLevel"": ""Estatal "",
    ""author"": ""Haremy Reyes""
}"
217,1,1,1,06/05/2023,"{
    ""name"": ""UDGTV"",
    ""headline"": ""Un Salto de Vida califica a Caabsa como una empresa \u201ccriminal\u201d y c\u00f3mplice del Estado por cinco sexenios"",
    ""url"": ""https://udgtv.com/noticias/un-salto-de-vida-califica-caabsa-criminal-complice-estado-sexenios/"",
    ""paywall "": true,
    ""coverageLevel"": ""Estatal "",
    ""author"": ""Elizabeth Ort\u00edz ""
}"
218,1,1,1,06/05/2023,"{
    ""name"": ""Debate "",
    ""headline"": ""Acaban con riesgo de propagaci\u00f3n de incendio en exvertedero Laureles en El Salto"",
    ""url"": ""https://www.debate.com.mx/guadalajara/Acaban-con-riesgo-de-propagacion-de-Incendio-en-exvertedero-Laurales-en-El-Salto-20230605-0184.html"",
    ""paywall "": true,
    ""coverageLevel"": ""Estatal "",
    ""author"": ""Andrea \u00c1vila ""
}"
219,1,1,1,06/05/2023,"{
    ""name"": ""El Diario NTR"",
    ""headline"": ""Caabsa Eagle debe indemnizar por incendios en Matatl\u00e1n y Laureles"",
    ""url"": ""https://www.ntrguadalajara.com/post.php?id_nota=198763"",
    ""paywall "": true,
    ""coverageLevel"": ""Estatal "",
    ""author"": ""Redacci\u00f3n ""
}"
220,1,1,1,06/05/2023,"{
    ""name"": ""El Informador"",
    ""headline"": ""Gobernador urge a municipios a responsabilizarse por el vertedero de Los Laureles"",
    ""url"": ""https://www.informador.mx/jalisco/Los-Laureles-Alfaro-urge-a-municipios-a-responsabilizarse-por-el-vertedero-incendiado-20230605-0082.html"",
    ""paywall "": true,
    ""coverageLevel"": ""Estatal "",
    ""author"": ""Rub\u00ed Bobadilla""
}"
221,1,1,1,06/05/2023,"{
    ""name"": null,
    ""headline"": ""Controlan incendio en el basurero de Los Laureles en Tonal\u00e1"",
    ""url"": ""https://www.notisistema.com/noticias/controlan-incendio-en-el-basurero-de-los-laureles-en-tonala/"",
    ""paywall "": true,
    ""coverageLevel"": null,
    ""author"": ""H\u00e9ctor Escamilla Ram\u00edrez""
}"
222,1,1,1,06/05/2023,"{
    ""name"": ""El Informador"",
    ""headline"": ""Controlan incendio en Los Laureles y retiran la alerta atmosf\u00e9rica"",
    ""url"": ""https://www.informador.mx/jalisco/Incendio-en-Los-Laureles-Controlan-el-fuego-y-retiran-la-alerta-atmosferica-20230605-0138.html"",
    ""paywall "": true,
    ""coverageLevel"": null,
    ""author"": ""Ernesto G\u00f3mez""
}"
223,1,1,1,06/05/2023,"{
    ""name"": ""Quadratin M\u00e9xico "",
    ""headline"": ""Suspenden clases por incendio en el exvertedero Los Laureles, en Jalisco\n\n"",
    ""url"": ""https://mexico.quadratin.com.mx/suspenden-clases-por-incendio-en-el-exvertedero-los-laureles-en-jalisco/"",
    ""paywall "": true,
    ""coverageLevel"": ""Nacional "",
    ""author"": null
}"
224,1,1,1,06/05/2023,"{
    ""name"": ""El Heraldo de M\u00e9xico"",
    ""headline"": ""Por incendio en vertedero, suspenden clases esta ma\u00f1ana en El Salto, Juanacatl\u00e1n y Tonal\u00e1"",
    ""url"": ""https://heraldodemexico.com.mx/nacional/2023/6/5/por-incendio-en-vertedero-suspenden-clases-esta-manana-en-el-salto-juanacatlan-tonala-511381.html"",
    ""paywall "": true,
    ""coverageLevel"": ""Nacional "",
    ""author"": ""Nayeli Mariscal""
}"
225,1,1,1,06/05/2023,"{
    ""name"": ""Mileno"",
    ""headline"": ""Activan Emergencia Atmosf\u00e9rica y suspenden clases en colonias aleda\u00f1as al incendio en Los Laureles"",
    ""url"": ""https://www.milenio.com/politica/comunidad/laureles-activan-emergencia-atmosferica-suspenden-clases"",
    ""paywall "": true,
    ""coverageLevel"": ""Estatal "",
    ""author"": ""Josefina Ru\u00edz""
}"
226,1,1,1,06/05/2023,"{
    ""name"": null,
    ""headline"": ""Incendio en Los Laureles habr\u00eda iniciado por quema agr\u00edcola"",
    ""url"": ""https://www.notisistema.com/noticias/incendio-en-los-laureles-habria-iniciado-por-quema-agricola/"",
    ""paywall "": true,
    ""coverageLevel"": null,
    ""author"": ""H\u00e9ctor Escamilla Ram\u00edrez""
}"
227,1,1,1,06/05/2023,"{
    ""name"": ""Mileno"",
    ""headline"": ""Combaten fuego en los Laureles "",
    ""url"": ""https://www.pressreader.com/mexico/milenio-jalisco/20230605/281616719760361"",
    ""paywall "": true,
    ""coverageLevel"": ""Nacional "",
    ""author"": ""Josefina Ru\u00edz""
}"
228,1,1,1,06/05/2023,"{
    ""name"": ""El Informador"",
    ""headline"": ""Hasta 30 horas tardar\u00edan en sofocar incendio en el vertedero de Los Laureles: Lemus"",
    ""url"": ""https://www.informador.mx/jalisco/Los-Laureles-Hasta-30-horas-tardarian-en-sofocar-incendio-en-el-vertedero-senala-Pablo-Lemus-20230605-0088.html"",
    ""paywall "": true,
    ""coverageLevel"": ""Estatal "",
    ""author"": ""Paola Mendoza""
}"
229,1,1,1,06/05/2023,"{
    ""name"": ""El Occidental"",
    ""headline"": ""Los Laureles: M\u00e1s de 100 elementos combaten incendio"",
    ""url"": ""https://www.eloccidental.com.mx/policiaca/ex-vertedero-de-los-laureles-mas-de-100-elementos-combaten-incendio-en-tonala-10171542.html"",
    ""paywall "": true,
    ""coverageLevel"": ""Estatal "",
    ""author"": ""Elizabeth Ibal""
}"
230,1,1,1,06/05/2023,"{
    ""name"": ""Antena Noticias "",
    ""headline"": ""Arde vertedero de Los Laureles"",
    ""url"": ""https://www.antenanoticias.com.mx/2023/06/05/arde-vertedero-de-los-laureles/"",
    ""paywall "": true,
    ""coverageLevel"": ""Estatal "",
    ""author"": null
}"
231,1,1,1,06/05/2023,"{
    ""name"": ""Azteca Jalisco"",
    ""headline"": ""Hasta 5 hect\u00e1reas quemadas tras incendio en ex vertedero Los Laureles, El Salto"",
    ""url"": ""https://www.aztecajalisco.com/azteca-noticias/5-hectareas-quemadas-incendio-laureles-salto"",
    ""paywall "": true,
    ""coverageLevel"": ""Estatal "",
    ""author"": ""Florencia Moreno""
}"
232,1,1,1,05/04/2023,"{
    ""name"": ""Partidero"",
    ""headline"": ""CIEN ELEMENTOS LUCHAN CONTRA INCENDIO EN EXVERTEDERO LOS LAURELES"",
    ""url"": ""https://partidero.com/cien-elementos-luchan-contra-incendio-en-exvertedero-los-laureles/"",
    ""paywall "": true,
    ""coverageLevel"": ""Estatal "",
    ""author"": ""Redacci\u00f3n ""
}"
233,1,1,1,05/04/2023,"{
    ""name"": ""SEMADET"",
    ""headline"": ""Autoridades de los tres \u00f3rdenes de gobierno atienden incendio en el ex vertedero de Laureles: Semadet activa Alerta Atmosf\u00e9rica\n"",
    ""url"": ""https://semadet.jalisco.gob.mx/prensa/noticias/autoridades-atienden-incendio-en-laureles"",
    ""paywall "": true,
    ""coverageLevel"": ""Estatal "",
    ""author"": ""Paulina Casta\u00f1eda""
}"
234,1,1,1,05/04/2023,"{
    ""name"": ""SEMADET"",
    ""headline"": ""Semadet activa Alerta Atmosf\u00e9rica en El Salto, Juanacatl\u00e1n y Zapotlanejo por incendio en Los Laureles"",
    ""url"": ""https://semadet.jalisco.gob.mx/prensa/noticias/activa-alerta-atmosferica-incendio-laureles"",
    ""paywall "": true,
    ""coverageLevel"": ""Estatal "",
    ""author"": ""Paulina Casta\u00f1eda""
}"
235,1,1,1,05/04/2023,"{
    ""name"": ""Mileno"",
    ""headline"": ""Combaten incendio en ex vertedero Los Laureles en Tonal\u00e1; suspender\u00e1n clases en estos municipios"",
    ""url"": ""https://www.milenio.com/politica/comunidad/tonala-combaten-incendio-en-ex-vertedero-los-laureles"",
    ""paywall "": true,
    ""coverageLevel"": ""Estatal "",
    ""author"": ""Josefina Ru\u00edz""
}"
236,1,1,1,05/04/2023,"{
    ""name"": ""El Informador"",
    ""headline"": ""Semadet activa Alerta Atmosf\u00e9rica en El Salto, Juanacatl\u00e1n y Zapotlanejo"",
    ""url"": ""https://www.informador.mx/jalisco/Incendio-en-Los-Laureles-Semadet-activa-Alerta-Atmosferica-en-El-Salto-Juanacatlan-y-Zapotlanejo-20230604-0099.html"",
    ""paywall "": true,
    ""coverageLevel"": ""Estatal "",
    ""author"": ""Evelyn Olvera""
}"
